Workbook

Sheet LISTA DE PRECIOS
B3: LISTA MAYORISTA
A11: LOS + PEDIDOS NOVEDADES
A13: Linea | B13: Nombre | C13: SKU | D13: EAN | E13: GÉNERO | F13: FORMATO | G13: PRECIO | H13: CANTIDAD
A14: Afnan | B14: Perfume Afnan 9 PM EDP 100ml (Black) Hombre | C14: COS2463 | D14: 6290171002338 | E14: Perfume Hombre | F14: REGULAR | G14: 26351
A15: Afnan | B15: Afnan Zimaya Red Carpet Paragon EDP 100 ml Unisex | C15: COS2943 | D15: 6290171072256 | E15: Perfume Unisex | F15: REGULAR | G15: 14316
A16: Al Haramain | B16: Perfume Al Haramain Amber Oud Aqua Dubai Extrait de Parfum 100 ml | C16: COS4618 | D16: 6291106814873 | E16: Perfume Unisex | F16: REGULAR | G16: 36178 | I16: =IF(H16>0,COUNTIF($H$16:H16,">0"),"")
A17: Al Haramain | B17: Perfume Al Haramain Amber Oud Aqua Dubai Extrait de Parfum 75 ml | C17: COS4619 | D17: 6291106814859 | E17: Perfume Unisex | F17: REGULAR | G17: 33408 | I17: =IF(H17>0,COUNTIF($H$16:H17,">0"),"")
A18: Bharara | B18: Bharara King EDP 150ml. Hombre | C18: COS7251 | D18: 850050062677 | E18: Perfume Hombre | F18: REGULAR | G18: 54892
A19: Armaf | B19: Perfume Odyssey Mandarin Sky Elixir EDP 100 ml Hombre de Armaf | C19: COS5522 | D19: 6295199805022 | E19: Perfume Hombre | F19: REGULAR | G19: 33408
A20: Armaf | B20: Perfume Club de Nuit Untold Sterling Parfum EDP 105 ML Unisex de Armaf | C20: COS2258 | D20: 6294015164176 | E20: Perfume Unisex | F20: REGULAR | G20: 28775
A21: Azzaro | B21: Perfume Azzaro Wanted EDP 100ml. Hombre | C21: COS3606 | D21: 3614273903172 | E21: Perfume Hombre | F21: REGULAR | G21: 40418
A22: Calvin Klein | B22: Perfume CK One EDT 200 ml Unisex Calvin Klein | C22: PDL1174 | D22: 88300107438 | E22: Perfume Unisex | F22: REGULAR | G22: 28168
A23: Cartier | B23: Perfume Cartier Pasha EDT 100 ml | C23: COS4915 | D23: 3432240506306 | E23: Perfume Hombre | F23: REGULAR | G23: 63288
A24: Cartier | B24: Perfume La Panthera EDP 100 ml Cartier | C24: COS7244 | D24: 3432240506641 | E24: Perfume Mujer | F24: REGULAR | G24: 76791
A25: Carolina Herrera | B25: Carolina Herrera CH Men Pasión EDP for Men 100 ml | C25: COS3796 | D25: 8411061055182 | E25: Perfume Hombre | F25: REGULAR | G25: 33149
A26: Carolina Herrera | B26: 212 NYC Men 100ML EDT Hombre Carolina Herrera | C26: PDL1148 | D26: 8411061043868 | E26: Perfume Hombre | F26: REGULAR | G26: 61643
A27: Carolina Herrera | B27: 212 NYC Men 200ML EDT Hombre Carolina Herrera | C27: PDL1149 | D27: 8411061853207 | E27: Perfume Hombre | F27: REGULAR | G27: 90985
A28: Carolina Herrera | B28: Perfume 212 Vip Rosé NYC 212 Cab Limited Edition EDP 80 ml Carolina Herrera | C28: COS6995 | D28: 8411061124413 | E28: Perfume Mujer | F28: REGULAR | G28: 53248
A29: Carolina Herrera | B29: Perfume Bab Boy EDT 200 ml Carolina Herrera Refill | C29: COS6910 | D29: 8411061063415 | E29: Perfume Hombre | F29: REGULAR | G29: 36264
... A40: French Avenue | B40: Perfume Liquid Brun French Avenue EDP 100 ml | C40: COS4197 | D40: 6290360375694 | E40: Perfume Hombre | F40: REGULAR | G40: 29208
A41: French Avenue | B41: Perfume Vulcan Feu EDP 100 ml Unisex French Avenue | C41: COS5260 | D41: 6290360378053 | E41: Perfume Unisex | F41: REGULAR | G41: 33408 | I41: =IF(H41>0,COUNTIF($H$16:H41,">0"),"")
A42: Giorgio Armani | B42: Giorgio Armani Acqua Di Gio EDT 200 ml | C42: 4232 | D42: 3614273955539 | E42: Perfume Hombre | F42: REGULAR | G42: 92460 | I42: =IF(H42>0,COUNTIF($H$16:H42,">0"),"")
A43: Giorgio Armani | B43: Set Perfume Stronger With You Intensely EDP Intense 100 ml + Mini 15 ml Emporio Armani | C43: COS7037 | D43: 3614274822052 | E43: Perfume Hombre | F43: SET | G43: 91072
A44: Hugo Boss | B44: Hugo Man Cantimplora EDT 125ml. Con Celofán | C44: COS728 | D44: 3614229823806 | E44: Perfume Hombre | F44: REGULAR | G44: 34273
A45: Hugo Boss | B45: Set Perfume Boss Bottled EDT 100 ml + Deo 75 ml Hugo Boss | C45: COS6545 | D45: 3616304957741 | E45: Perfume Hombre | F45: SET
A46: Halloween | B46: Perfume Halloween 100ML EDT Mujer Jesus Del Pozo | C46: JESUS01 | D46: 8431754342016 | E46: Perfume Mujer | F46: REGULAR | G46: 25312 | I46: =IF(H46>0,COUNTIF($H$16:H46,">0"),"")
A47: Halloween | B47: Perfume Halloween Man EDT 125 ml Hombre | C47: JESUS04 | D47: 8431754462516 | E47: Perfume Hombre | F47: REGULAR | G47: 25312 | I47: =IF(H47>0,COUNTIF($H$16:H47,">0"),"")
A48: Hermes | B48: Perfume Terre DHermes EDT 200 ml | C48: COS7058 | D48: 3346130013457 | E48: Perfume Hombre | F48: REGULAR | G48: 84754
A49: Jean Paul Gaultier | B49: Jean Paul Gaultier LE MALE (LE PARFUM) Intense EDP 125 ML Hombre | C49: COS1373 | D49: 8435415032315 | E49: Perfume Hombre | F49: REGULAR | G49: 72203
A50: Jean Paul Gaultier | B50: Perfume Jean Paul Gaultier Scandal Le Parfum EDP Intense Pour Homme 100 ml Recargable | C50: COS3089 | D50: 8435415065191 | E50: Perfume Hombre | F50: REGULAR | G50: 92024
A51: Jo Milano | B51: Perfume Emerald Game of Spades Parfum 90 ml de Jo Milano | C51: COS5608 | D51: 850051043354 | E51: Perfume Unisex | F51: REGULAR | G51: 51517
A52: Jo Milano | B52: Perfume Game Of Spades All-In Parfum 100 ml Jo Milano | C52: COS6810 | D52: 850051043583 | E52: Perfume Unisex | F52: REGULAR | G52: 64586
A53: Lattafa | B53: Perfume ASAD de Lattafa EDP 100 ML | C53: COS2099 | D53: 6291108735411 | E53: Perfume Hombre | F53: REGULAR | G53: 20549
A54: Lattafa | B54: Perfume Asad Elixir 100 ml Lattafa | C54: COS6068 | D54: 6290362346548 | E54: Perfume Hombre | F54: REGULAR | G54: 28948
A55: Lattafa | B55: Perfume Atlas EDP 55 ml de Lattafa | C55: COS5612 | D55: 6290360593722 | E55: Perfume Unisex | F55: REGULAR | G55: 21504
A56: Lattafa | B56: Perfume Badee Al Oud For Glory de Lattafa EDP 100 ML Unisex | C56: COS1933 | D56: 6291107458328 | E56: Perfume Unisex | F56: REGULAR | G56: 19250
A57: Lacoste | B57: Perfume Touch Of Pink 90ML EDT Mujer | C57: LAC2 | D57: 3386460149440 | E57: Perfume Mujer | F57: REGULAR | G57: 26784 | I57: =IF(H57>0,COUNTIF($H$16:H57,">0"),"")
A58: Lacoste | B58: Lacoste L.12.12 Blanc EDT 50 ML Hombre COS2201 | C58: COS2201 | D58: 737052895956 | E58: Perfume Hombre | F58: REGULAR | G58: 24274
A59: Lancôme | B59: Lancôme La Vie Est Belle Rose Extraordinaire EDP Florale 100 ml | C59: COS4105 | D59: 3614274104370 | E59: Perfume Mujer | F59: REGULAR | G59: 77742
A60: Lancôme | B60: Perfume Idole EDP 100 ml Recargable - Refill Lancôme Mujer | C60: COS172 | D60: 3614273069175 | E60: Perfume Mujer | F60: REGULAR | G60: 72982
A61: Montblanc | B61: Perfume Mont Blanc Explorer EDP 100ML | C61: MONB16 | D61: 3386460101035 | E61: Perfume Hombre | F61: REGULAR | G61: 38515
A62: Montblanc | B62: Perfume Signature Elixir Montblanc EDP 90 ml | C62: COS7246 | D62: 3386460155397 | E62: Perfume Mujer | F62: REGULAR | G62: 39640
A63: Moschino | B63: Perfume Moschino Toy 2 Pearl EDP 100 ml | C63: COS5389 | D63: 8011003878611 | E63: Perfume Unisex | F63: REGULAR | G63: 38169
A64: Paco Rabanne | B64: Perfume Black Xs 100 ml EDT Paco Rabanne | C64: PDL1219 | D64: 3349668576111 | E64: Perfume Hombre | F64: REGULAR | G64: 47795
A65: Paco Rabanne | B65: Invictus 100ML EDT Hombre Paco Rabanne | C65: PDL1214 | D65: 3349668515660 | E65: Perfume Hombre | F65: REGULAR | G65: 66404
A66: Paco Rabanne | B66: Perfume Phantom In Red Parfum Elixir 100 ml Hombre Rabanne | C66: COS6903 | D66: 3349668661640 | E66: Perfume Hombre | F66: REGULAR | G66: 82590
A67: Prada | B67: Perfume Paradoxe Prada EDP 90 ml Recargable / Refill | C67: COS7250 | D67: 3614273760164 | E67: Perfume Mujer | F67: REGULAR | G67: 108815
A68: Prada | B68: Perfume Paradoxe Prada Intense EDP 90 ml Recargable / Refill | C68: COS7249 | D68: 3614273961707 | E68: Perfume Mujer | F68: REGULAR | G68: 119548
A69: Rasasi | B69: Perfume Hawas Tropical EDP 100 ml Rasasi | C69: COS6375 | D69: 614514464441 | E69: Perfume Hombre | F69: REGULAR | G69: 38342
... A71: Rasasi | B71: Rasasi Hawas For Him EDP 100 ML Hombre | C71: COS1824 | D71: 614514331026 | E71: Perfume Hombre | F71: REGULAR | G71: 20981
A72: Ralph Lauren | B72: Ralph Lauren Polo Sport Fresh Edt 125 ML Hombre | C72: COS1201 | D72: 3605972455338 | E72: Perfume Hombre | F72: REGULAR
A73: Ralph Lauren | B73: Perfume Big Pony 2 Pink 100ML EDT Mujer | C73: RL6 | D73: 3605972386021 | E73: Perfume Mujer | F73: REGULAR | G73: 23668
A74: Ralph Lauren | B74: Set Perfume Ralph Lauren Polo Red EDT 15 ml + Polo 67 EDT 15 ml | C74: COS7047 | D74: 3605973093898 | E74: Perfume Hombre | F74: SET | G74: 19336
A75: Sabrina Carpenter | B75: Perfume Sweet Tooth Caramel Dream EDP 75 ml Mujer Sabrina Carpenter | C75: COS5665 | D75: 810023677451 | E75: Perfume Mujer | F75: REGULAR | G75: 26092
A76: Sabrina Carpenter | B76: Perfume Sweet Tooth Cherry Baby EDP 75 ml Mujer Sabrina Carpenter | C76: COS5664 | D76: 810023677345 | E76: Perfume Mujer | F76: REGULAR | G76: 27822
A77: Sabrina Carpenter | B77: Perfume Sweet Tooth EDP 75 ml Mujer Sabrina Carpenter | C77: COS5663 | D77: 810023672913 | E77: Perfume Mujer | F77: REGULAR | G77: 27822
A78: Thierry Mugler | B78: Perfume Amen EDT 100 ml Hombre Thierry Mugler Recargable/Refill | C78: COS1853 | D78: 3439600055726 | E78: Perfume Hombre | F78: REGULAR | G78: 45458
A79: Tommy Hilfiger | B79: Perfume Tommy Men 100ml EDT | C79: TH5 | D79: 7640496670160 | E79: Perfume Hombre | F79: REGULAR | G79: 21591
A80: Tommy Hilfiger | B80: Tommy Girl de Tommy Hilfiger para Mujer EDT 100 ML | C80: TH4 | D80: 7640496670139 | E80: Perfume Mujer | F80: REGULAR | G80: 21591
A81: Tubbees | B81: Perfume Tubbees Candy Apple EDP 50 ml | C81: COS6295 | D81: 5055810056919 | E81: Perfume Unisex | F81: REGULAR | G81: 9123
A82: Valentino | B82: Perfume Valentino Uomo EDT 100 ml | C82: COS6932 | D82: 3614272732209 | E82: Perfume Hombre | F82: REGULAR | G82: 85532
A83: Valentino | B83: Perfume Valentino Uomo EDT 50 ml | C83: COS7089 | D83: 3614272732230 | E83: Perfume Hombre | F83: REGULAR | G83: 62941
A84: Velixir | B84: Perfume Athena EDP 100 Velixir Parfum | C84: COS7119 | D84: 2212241600003 | E84: Perfume Unisex | F84: REGULAR | G84: 34792
... A86: Versace | B86: Set Perfume Versace Eros Najim Parfum pour Homme 100 ml + Mini 10 ml | C86: COS7072 | D86: 8011003907106 | E86: Perfume Hombre | F86: SET | G86: 72982
A87: Xerjoff | B87: Perfume Erba Pura EDP 100 ml Unisex Xerjoff | C87: COS7029 | D87: 8054320902584 | E87: Perfume Unisex | F87: REGULAR | G87: 147611 | I87: =IF(H87>0,COUNTIF($H$16:H87,">0"),"")
A88: Xerjoff | B88: Perfume Naxos EDP 100 ml Unisex Xerjoff | C88: COS7025 | D88: 8033488155070 | E88: Perfume Unisex | F88: REGULAR | G88: 147611 | I88: =IF(H88>0,COUNTIF($H$16:H88,">0"),"")
A89: Yves Saint Laurent | B89: L'Homme YSL La NUIT 200 ml | C89: COS528 | D89: 3365440328624 | E89: Perfume Hombre | F89: REGULAR | G89: 92460 | I89: =IF(H89>0,COUNTIF($H$16:H89,">0"),"")
A90: Yves Saint Laurent | B90: Yves Saint Laurent Y EDP 100 ml | C90: 3614272050358 | D90: 3614272050358 | E90: Perfume Hombre | F90: REGULAR | G90: 89168
I91: =IF(H91>0,COUNTIF($H$16:H91,">0"),"")
A92: Linea | B92: Nombre | C92: SKU | D92: EAN | E92: GÉNERO | F92: FORMATO | G92: PRECIO | I92: =IF(H92>0,COUNTIF($H$16:H92,">0"),"")
A93: Adolfo Dominguez | B93: Adolfo Dominguez 1993 Agua Fresca EDT 120 ml | C93: COS3513 | D93: 8410190631168 | E93: Perfume Hombre | F93: REGULAR | G93: 22456 | I93: =IF(H93>0,COUNTIF($H$16:H93,">0"),"")
A94: Adolfo Dominguez | B94: Adolfo Dominguez 1993 Agua Fresca EDT 200ml + Gel 400ml + Deo 150ml | C94: COS3700 | D94: 8410190635388 | E94: Perfume Hombre | F94: SET | G94: 23148 | I94: =IF(H94>0,COUNTIF($H$16:H94,">0"),"")
A95: Adolfo Dominguez | B95: Adolfo Dominguez Ámbar Negro EDP 120 ml | C95: COS3499 | D95: 8410190634176 | E95: Perfume Hombre | F95: REGULAR | G95: 20981 | I95: =IF(H95>0,COUNTIF($H$16:H95,">0"),"")
A96: Adolfo Dominguez | B96: Adolfo Dominguez Bergamota Ambar Agua Fresca EDT 120 ml | C96: COS3496 | D96: 8410190631793 | E96: Perfume Unisex | F96: REGULAR | G96: 18904 | I96: =IF(H96>0,COUNTIF($H$16:H96,">0"),"")
A97: Adolfo Dominguez | B97: Adolfo Dominguez Gardenia Agua Fresca EDT 120 ml | C97: COS3486 | D97: 8410190622104 | E97: Perfume Mujer | F97: REGULAR | G97: 22456 | I97: =IF(H97>0,COUNTIF($H$16:H97,">0"),"")
A98: Adolfo Dominguez | B98: Adolfo Dominguez Mimosa Agua Fresca EDT 120 ml | C98: COS3511 | D98: 8410190623934 | E98: Perfume Mujer | F98: REGULAR | G98: 22456 | I98: =IF(H98>0,COUNTIF($H$16:H98,">0"),"")
A99: Adolfo Dominguez | B99: Adolfo Dominguez Nude Musk EDP 120 ml | C99: COS3480 | D99: 8410190627871 | E99: Perfume Mujer | F99: REGULAR | G99: 24187 | I99: =IF(H99>0,COUNTIF($H$16:H99,">0"),"")
A100: Adolfo Dominguez | B100: Adolfo Dominguez Terracota Musk EDP 120 ml | C100: COS3490 | D100: 8410190627888 | E100: Perfume Mujer | F100: REGULAR | G100: 24187 | I100: =IF(H100>0,COUNTIF($H$16:H100,">0"),"")
A101: Adolfo Dominguez | B101: Perfume Adolfo Dominguez 1993 Agua Fresca EDT 250 ml Formato Refill | C101: COS4658 | D101: 8410190634107 | E101: Perfume Hombre | F101: REGULAR | G101: 13970 | I101: =IF(H101>0,COUNTIF($H$16:H101,">0"),"")
A102: Adolfo Dominguez | B102: Perfume Adolfo Dominguez Verbena EDT 120ml. Mujer | C102: COS3492 | D102: 8410190631106 | E102: Perfume Mujer | F102: REGULAR | G102: 11460 | I102: =IF(H102>0,COUNTIF($H$16:H102,">0"),"")
A103: Adolfo Dominguez | B103: Perfume Verbena EDT 120ml Hombre de Adolfo Dominguez | C103: COS3487 | D103: 8410190634145 | E103: Perfume Hombre | F103: REGULAR | G103: 11460 | I103: =IF(H103>0,COUNTIF($H$16:H103,">0"),"")
A104: Afnan | B104: Afnan Zimaya Rabab Gems Purple EDP 100 ml Unisex | C104: COS2940 | D104: 6290171071020 | E104: Perfume Unisex | F104: REGULAR | G104: 15269 | I104: =IF(H104>0,COUNTIF($H$16:H104,">0"),"")
... A258: Billie Eilish | B258: Eilish No. 2 Eau de Parfum 100 ml Billie Eilish | C258: COS2967 | D258: 608940583753 | E258: Perfume Unisex | F258: REGULAR | G258: 34965 | I258: =IF(H258>0,COUNTIF($H$16:H258,">0"),"")
A259: Billie Eilish | B259: Perfume Eilish Billie Eilish EDP 100 ml Mujer | C259: COS2636 | E259: Perfume Mujer | F259: REGULAR | G259: 37735 | I259: =IF(H259>0,COUNTIF($H$16:H259,">0"),"")
A260: Billie Eilish | B260: Perfume Your Turn II EDP 100 ml Billie Eilish | C260: COS7253 | D260: 608940588741 | E260: Perfume Unisex | F260: REGULAR | G260: 40679 | I260: =IF(H260>0,COUNTIF($H$16:H260,">0"),"")
A261: Billie Eilish | B261: Set Perfume Eilish N°2 Billie Eilish EDP 30 ml + Mini | C261: COS7252 | D261: 608940587201 | E261: Perfume Unisex | F261: SET | G261: 22629 | I261: =IF(H261>0,COUNTIF($H$16:H261,">0"),"")
A262: Boucheron | B262: Perfume Boucheron Serpent Boheme EDP 90 ml TESTER | C262: COS5000 | D262: 3386460114325 | E262: Perfume Mujer | F262: TESTER | G262: 17605 | I262: =IF(H262>0,COUNTIF($H$16:H262,">0"),"")
A263: Burberry | B263: BRIT FOR HIM EDT 100ML | C263: COS65 | D263: 3614226905154 | E263: Perfume Hombre | F263: REGULAR | G263: 31590 | I263: =IF(H263>0,COUNTIF($H$16:H263,">0"),"")
A264: Burberry | B264: Burberry Goddess EDP 100ml. Mujer | C264: COS3726 | D264: 3616302020652 | E264: Perfume Mujer | F264: REGULAR | G264: 77915 | I264: =IF(H264>0,COUNTIF($H$16:H264,">0"),"")
A265: Burberry | B265: Burberry Goddess EDP Intense 100ml. Mujer | C265: COS4066 | D265: 3616304967122 | E265: Perfume Mujer | F265: REGULAR | G265: 80166 | I265: =IF(H265>0,COUNTIF($H$16:H265,">0"),"")
A266: Burberry | B266: Burberry Her Edp 50Ml Mujer | C266: BUR30 | D266: 3614227693920 | E266: Perfume Mujer | F266: REGULAR | G266: 62163 | I266: =IF(H266>0,COUNTIF($H$16:H266,">0"),"")
A267: Burberry | B267: Burberry Hero by Burberry EDP 100 ML Hombre | C267: COS1874 | D267: 3614228838016 | E267: Perfume Hombre | F267: REGULAR | G267: 57056 | I267: =IF(H267>0,COUNTIF($H$16:H267,">0"),"")
A268: Burberry | B268: Burberry My Burberry Black 90 Ml Parfum Mujer | C268: COS3167 | D268: 3614229829006 | E268: Perfume Mujer | F268: REGULAR | G268: 59393 | I268: =IF(H268>0,COUNTIF($H$16:H268,">0"),"")
A269: Burberry | B269: Perfume Burberry Her EDP 100 ml | C269: COS1872 | D269: 3614227693876 | E269: Perfume Mujer | F269: REGULAR | G269: 81724 | I269: =IF(H269>0,COUNTIF($H$16:H269,">0"),"")
A270: Burberry | B270: Perfume Burberry Her EDP Intense 100 ml | C270: COS4966 | D270: 3616305181060 | E270: Perfume Mujer | F270: REGULAR | G270: 84927 | I270: =IF(H270>0,COUNTIF($H$16:H270,">0"),"")
A271: Bvlgari | B271: Bvlgari Allegra Magnifying Rose EDP 40 ML Mujer | C271: COS1965 | D271: 783320412820 | E271: Perfume Mujer | F271: REGULAR | G271: 41544 | I271: =IF(H271>0,COUNTIF($H$16:H271,">0"),"")
... A320: Cartier | B320: Perfume La Panthera EDP 100 ml Cartier | C320: COS7244 | D320: 3432240506641 | E320: Perfume Mujer | F320: REGULAR | G320: 76791 | I320: =IF(H320>0,COUNTIF($H$16:H320,">0"),"")
A321: Clinique | B321: Clinique Happy For Men 100ML EDT Hombre Clinique CLINIQ01 | C321: CLINIQ01 | D321: CLINIQ01 | E321: Perfume Hombre | F321: REGULAR | G321: 24101 | I321: =IF(H321>0,COUNTIF($H$16:H321,">0"),"")
A322: Clinique | B322: Clinique Happy For Men 100ML EDT Hombre Clinique TESTER | C322: COS2576 | D322: COS2576 | E322: Perfume Hombre | F322: TESTER | G322: 22283 | I322: =IF(H322>0,COUNTIF($H$16:H322,">0"),"")
A323: Clinique | B323: Clinique Happy For Men 50ml EDT Hombre Clinique TESTER | C323: COS6959 | D323: COS6959 | E323: Perfume Hombre | F323: TESTER | G323: 20635 | I323: =IF(H323>0,COUNTIF($H$16:H323,">0"),"")
...

Sheet PEDIDO
B3: PEDIDO MAYORISTA MAYORISTA
A11: CLIENTE | D11: FECHA:
A12: RUT:
A13: CORREO:
A14: NUMERO DE CONTACTO:
A15: Linea | B15: Nombre | C15: SKU | D15: EAN | E15: GÉNERO | F15: FORMATO | G15: PRECIO | H15: CANTIDAD | I15: SUBTOTAL
A16: =IFERROR(INDEX('LISTA DE PRECIOS'!A$16:A$1318,MATCH(1,'LISTA DE PRECIOS'!$I$16:$I$1318,0)),"") | B16: =IFERROR(INDEX('LISTA DE PRECIOS'!B$16:B$1318,MATCH(1,'LISTA DE PRECIOS'!$I$16:$I$1318,0)),"") | C16: =IFERROR(INDEX('LISTA DE PRECIOS'!C$16:C$1318,MATCH(1,'LISTA DE PRECIOS'!$I$16:$I$1318,0)),"") | D16: =IFERROR(INDEX('LISTA DE PRECIOS'!D$16:D$1318,MATCH(1,'LISTA DE PRECIOS'!$I$16:$I$1318,0)),"") | E16: =IFERROR(INDEX('LISTA DE PRECIOS'!E$16:E$1318,MATCH(1,'LISTA DE PRECIOS'!$I$16:$I$1318,0)),"") | F16: =IFERROR(INDEX('LISTA DE PRECIOS'!F$16:F$1318,MATCH(1,'LISTA DE PRECIOS'!$I$16:$I$1318,0)),"") | G16: =IFERROR(INDEX('LISTA DE PRECIOS'!G$16:G$1318,MATCH(1,'LISTA DE PRECIOS'!$I$16:$I$1318,0)),"") | H16: =IFERROR(INDEX('LISTA DE PRECIOS'!H$16:H$1318,MATCH(1,'LISTA DE PRECIOS'!$I$16:$I$1318,0)),"") | I16: =IF(OR(G16="",H16=""),"",G16*H16)
A17: =IFERROR(INDEX('LISTA DE PRECIOS'!A$16:A$1318,MATCH(2,'LISTA DE PRECIOS'!$I$16:$I$1318,0)),"") | B17: =IFERROR(INDEX('LISTA DE PRECIOS'!B$16:B$1318,MATCH(2,'LISTA DE PRECIOS'!$I$16:$I$1318,0)),"") | C17: =IFERROR(INDEX('LISTA DE PRECIOS'!C$16:C$1318,MATCH(2,'LISTA DE PRECIOS'!$I$16:$I$1318,0)),"") | D17: =IFERROR(INDEX('LISTA DE PRECIOS'!D$16:D$1318,MATCH(2,'LISTA DE PRECIOS'!$I$16:$I$1318,0)),"") | E17: =IFERROR(INDEX('LISTA DE PRECIOS'!E$16:E$1318,MATCH(2,'LISTA DE PRECIOS'!$I$16:$I$1318,0)),"") | F17: =IFERROR(INDEX('LISTA DE PRECIOS'!F$16:F$1318,MATCH(2,'LISTA DE PRECIOS'!$I$16:$I$1318,0)),"") | G17: =IFERROR(INDEX('LISTA DE PRECIOS'!G$16:G$1318,MATCH(2,'LISTA DE PRECIOS'!$I$16:$I$1318,0)),"") | H17: =IFERROR(INDEX('LISTA DE PRECIOS'!H$16:H$1318,MATCH(2,'LISTA DE PRECIOS'!$I$16:$I$1318,0)),"") | I17: =IF(OR(G17="",H17=""),"",G17*H17)
A18: =IFERROR(INDEX('LISTA DE PRECIOS'!A$16:A$1318,MATCH(3,'LISTA DE PRECIOS'!$I$16:$I$1318,0)),"") | B18: =IFERROR(INDEX('LISTA DE PRECIOS'!B$16:B$1318,MATCH(3,'LISTA DE PRECIOS'!$I$16:$I$1318,0)),"") | C18: =IFERROR(INDEX('LISTA DE PRECIOS'!C$16:C$1318,MATCH(3,'LISTA DE PRECIOS'!$I$16:$I$1318,0)),"") | D18: =IFERROR(INDEX('LISTA DE PRECIOS'!D$16:D$1318,MATCH(3,'LISTA DE PRECIOS'!$I$16:$I$1318,0)),"") | E18: =IFERROR(INDEX('LISTA DE PRECIOS'!E$16:E$1318,MATCH(3,'LISTA DE PRECIOS'!$I$16:$I$1318,0)),"") | F18: =IFERROR(INDEX('LISTA DE PRECIOS'!F$16:F$1318,MATCH(3,'LISTA DE PRECIOS'!$I$16:$I$1318,0)),"") | G18: =IFERROR(INDEX('LISTA DE PRECIOS'!G$16:G$1318,MATCH(3,'LISTA DE PRECIOS'!$I$16:$I$1318,0)),"") | H18: =IFERROR(INDEX('LISTA DE PRECIOS'!H$16:H$1318,MATCH(3,'LISTA DE PRECIOS'!$I$16:$I$1318,0)),"") | I18: =IF(OR(G18="",H18=""),"",G18*H18)
A19: =IFERROR(INDEX('LISTA DE PRECIOS'!A$16:A$1318,MATCH(4,'LISTA DE PRECIOS'!$I$16:$I$1318,0)),"") | B19: =IFERROR(INDEX('LISTA DE PRECIOS'!B$16:B$1318,MATCH(4,'LISTA DE PRECIOS'!$I$16:$I$1318,0)),"") | C19: =IFERROR(INDEX('LISTA DE PRECIOS'!C$16:C$1318,MATCH(4,'LISTA DE PRECIOS'!$I$16:$I$1318,0)),"") | D19: =IFERROR(INDEX('LISTA DE PRECIOS'!D$16:D$1318,MATCH(4,'LISTA DE PRECIOS'!$I$16:$I$1318,0)),"") | E19: =IFERROR(INDEX('LISTA DE PRECIOS'!E$16:E$1318,MATCH(4,'LISTA DE PRECIOS'!$I$16:$I$1318,0)),"") | F19: =IFERROR(INDEX('LISTA DE PRECIOS'!F$16:F$1318,MATCH(4,'LISTA DE PRECIOS'!$I$16:$I$1318,0)),"") | G19: =IFERROR(INDEX('LISTA DE PRECIOS'!G$16:G$1318,MATCH(4,'LISTA DE PRECIOS'!$I$16:$I$1318,0)),"") | H19: =IFERROR(INDEX('LISTA DE PRECIOS'!H$16:H$1318,MATCH(4,'LISTA DE PRECIOS'!$I$16:$I$1318,0)),"") | I19: =IF(OR(G19="",H19=""),"",G19*H19)
A20: =IFERROR(INDEX('LISTA DE PRECIOS'!A$16:A$1318,MATCH(5,'LISTA DE PRECIOS'!$I$16:$I$1318,0)),"") | B20: =IFERROR(INDEX('LISTA DE PRECIOS'!B$16:B$1318,MATCH(5,'LISTA DE PRECIOS'!$I$16:$I$1318,0)),"") | C20: =IFERROR(INDEX('LISTA DE PRECIOS'!C$16:C$1318,MATCH(5,'LISTA DE PRECIOS'!$I$16:$I$1318,0)),"") | D20: =IFERROR(INDEX('LISTA DE PRECIOS'!D$16:D$1318,MATCH(5,'LISTA DE PRECIOS'!$I$16:$I$1318,0)),"") | E20: =IFERROR(INDEX('LISTA DE PRECIOS'!E$16:E$1318,MATCH(5,'LISTA DE PRECIOS'!$I$16:$I$1318,0)),"") | F20: =IFERROR(INDEX('LISTA DE PRECIOS'!F$16:F$1318,MATCH(5,'LISTA DE PRECIOS'!$I$16:$I$1318,0)),"") | G20: =IFERROR(INDEX('LISTA DE PRECIOS'!G$16:G$1318,MATCH(5,'LISTA DE PRECIOS'!$I$16:$I$1318,0)),"") | H20: =IFERROR(INDEX('LISTA DE PRECIOS'!H$16:H$1318,MATCH(5,'LISTA DE PRECIOS'!$I$16:$I$1318,0)),"") | I20: =IF(OR(G20="",H20=""),"",G20*H20)
A21: =IFERROR(INDEX('LISTA DE PRECIOS'!A$16:A$1318,MATCH(6,'LISTA DE PRECIOS'!$I$16:$I$1318,0)),"") | B21: =IFERROR(INDEX('LISTA DE PRECIOS'!B$16:B$1318,MATCH(6,'LISTA DE PRECIOS'!$I$16:$I$1318,0)),"") | C21: =IFERROR(INDEX('LISTA DE PRECIOS'!C$16:C$1318,MATCH(6,'LISTA DE PRECIOS'!$I$16:$I$1318,0)),"") | D21: =IFERROR(INDEX('LISTA DE PRECIOS'!D$16:D$1318,MATCH(6,'LISTA DE PRECIOS'!$I$16:$I$1318,0)),"") | E21: =IFERROR(INDEX('LISTA DE PRECIOS'!E$16:E$1318,MATCH(6,'LISTA DE PRECIOS'!$I$16:$I$1318,0)),"") | F21: =IFERROR(INDEX('LISTA DE PRECIOS'!F$16:F$1318,MATCH(6,'LISTA DE PRECIOS'!$I$16:$I$1318,0)),"") | G21: =IFERROR(INDEX('LISTA DE PRECIOS'!G$16:G$1318,MATCH(6,'LISTA DE PRECIOS'!$I$16:$I$1318,0)),"") | H21: =IFERROR(INDEX('LISTA DE PRECIOS'!H$16:H$1318,MATCH(6,'LISTA DE PRECIOS'!$I$16:$I$1318,0)),"") | I21: =IF(OR(G21="",H21=""),"",G21*H21)
A22: =IFERROR(INDEX('LISTA DE PRECIOS'!A$16:A$1318,MATCH(7,'LISTA DE PRECIOS'!$I$16:$I$1318,0)),"") | B22: =IFERROR(INDEX('LISTA DE PRECIOS'!B$16:B$1318,MATCH(7,'LISTA DE PRECIOS'!$I$16:$I$1318,0)),"") | C22: =IFERROR(INDEX('LISTA DE PRECIOS'!C$16:C$1318,MATCH(7,'LISTA DE PRECIOS'!$I$16:$I$1318,0)),"") | D22: =IFERROR(INDEX('LISTA DE PRECIOS'!D$16:D$1318,MATCH(7,'LISTA DE PRECIOS'!$I$16:$I$1318,0)),"") | E22: =IFERROR(INDEX('LISTA DE PRECIOS'!E$16:E$1318,MATCH(7,'LISTA DE PRECIOS'!$I$16:$I$1318,0)),"") | F22: =IFERROR(INDEX('LISTA DE PRECIOS'!F$16:F$1318,MATCH(7,'LISTA DE PRECIOS'!$I$16:$I$1318,0)),"") | G22: =IFERROR(INDEX('LISTA DE PRECIOS'!G$16:G$1318,MATCH(7,'LISTA DE PRECIOS'!$I$16:$I$1318,0)),"") | H22: =IFERROR(INDEX('LISTA DE PRECIOS'!H$16:H$1318,MATCH(7,'LISTA DE PRECIOS'!$I$16:$I$1318,0)),"") | I22: =IF(OR(G22="",H22=""),"",G22*H22)
A23: =IFERROR(INDEX('LISTA DE PRECIOS'!A$16:A$1318,MATCH(8,'LISTA DE PRECIOS'!$I$16:$I$1318,0)),"") | B23: =IFERROR(INDEX('LISTA DE PRECIOS'!B$16:B$1318,MATCH(8,'LISTA DE PRECIOS'!$I$16:$I$1318,0)),"") | C23: =IFERROR(INDEX('LISTA DE PRECIOS'!C$16:C$1318,MATCH(8,'LISTA DE PRECIOS'!$I$16:$I$1318,0)),"") | D23: =IFERROR(INDEX('LISTA DE PRECIOS'!D$16:D$1318,MATCH(8,'LISTA DE PRECIOS'!$I$16:$I$1318,0)),"") | E23: =IFERROR(INDEX('LISTA DE PRECIOS'!E$16:E$1318,MATCH(8,'LISTA DE PRECIOS'!$I$16:$I$1318,0)),"") | F23: =IFERROR(INDEX('LISTA DE PRECIOS'!F$16:F$1318,MATCH(8,'LISTA DE PRECIOS'!$I$16:$I$1318,0)),"") | G23: =IFERROR(INDEX('LISTA DE PRECIOS'!G$16:G$1318,MATCH(8,'LISTA DE PRECIOS'!$I$16:$I$1318,0)),"") | H23: =IFERROR(INDEX('LISTA DE PRECIOS'!H$16:H$1318,MATCH(8,'LISTA DE PRECIOS'!$I$16:$I$1318,0)),"") | I23: =IF(OR(G23="",H23=""),"",G23*H23)
A24: =IFERROR(INDEX('LISTA DE PRECIOS'!A$16:A$1318,MATCH(9,'LISTA DE PRECIOS'!$I$16:$I$1318,0)),"") | B24: =IFERROR(INDEX('LISTA DE PRECIOS'!B$16:B$1318,MATCH(9,'LISTA DE PRECIOS'!$I$16:$I$1318,0)),"") | C24: =IFERROR(INDEX('LISTA DE PRECIOS'!C$16:C$1318,MATCH(9,'LISTA DE PRECIOS'!$I$16:$I$1318,0)),"") | D24: =IFERROR(INDEX('LISTA DE PRECIOS'!D$16:D$1318,MATCH(9,'LISTA DE PRECIOS'!$I$16:$I$1318,0)),"") | E24: =IFERROR(INDEX('LISTA DE PRECIOS'!E$16:E$1318,MATCH(9,'LISTA DE PRECIOS'!$I$16:$I$1318,0)),"") | F24: =IFERROR(INDEX('LISTA DE PRECIOS'!F$16:F$1318,MATCH(9,'LISTA DE PRECIOS'!$I$16:$I$1318,0)),"") | G24: =IFERROR(INDEX('LISTA DE PRECIOS'!G$16:G$1318,MATCH(9,'LISTA DE PRECIOS'!$I$16:$I$1318,0)),"") | H24: =IFERROR(INDEX('LISTA DE PRECIOS'!H$16:H$1318,MATCH(9,'LISTA DE PRECIOS'!$I$16:$I$1318,0)),"") | I24: =IF(OR(G24="",H24=""),"",G24*H24)
A25: =IFERROR(INDEX('LISTA DE PRECIOS'!A$16:A$1318,MATCH(10,'LISTA DE PRECIOS'!$I$16:$I$1318,0)),"") | B25: =IFERROR(INDEX('LISTA DE PRECIOS'!B$16:B$1318,MATCH(10,'LISTA DE PRECIOS'!$I$16:$I$1318,0)),"") | C25: =IFERROR(INDEX('LISTA DE PRECIOS'!C$16:C$1318,MATCH(10,'LISTA DE PRECIOS'!$I$16:$I$1318,0)),"") | D25: =IFERROR(INDEX('LISTA DE PRECIOS'!D$16:D$1318,MATCH(10,'LISTA DE PRECIOS'!$I$16:$I$1318,0)),"") | E25: =IFERROR(INDEX('LISTA DE PRECIOS'!E$16:E$1318,MATCH(10,'LISTA DE PRECIOS'!$I$16:$I$1318,0)),"") | F25: =IFERROR(INDEX('LISTA DE PRECIOS'!F$16:F$1318,MATCH(10,'LISTA DE PRECIOS'!$I$16:$I$1318,0)),"") | G25: =IFERROR(INDEX('LISTA DE PRECIOS'!G$16:G$1318,MATCH(10,'LISTA DE PRECIOS'!$I$16:$I$1318,0)),"") | H25: =IFERROR(INDEX('LISTA DE PRECIOS'!H$16:H$1318,MATCH(10,'LISTA DE PRECIOS'!$I$16:$I$1318,0)),"") | I25: =IF(OR(G25="",H25=""),"",G25*H25)
A26: =IFERROR(INDEX('LISTA DE PRECIOS'!A$16:A$1318,MATCH(11,'LISTA DE PRECIOS'!$I$16:$I$1318,0)),"") | B26: =IFERROR(INDEX('LISTA DE PRECIOS'!B$16:B$1318,MATCH(11,'LISTA DE PRECIOS'!$I$16:$I$1318,0)),"") | C26: =IFERROR(INDEX('LISTA DE PRECIOS'!C$16:C$1318,MATCH(11,'LISTA DE PRECIOS'!$I$16:$I$1318,0)),"") | D26: =IFERROR(INDEX('LISTA DE PRECIOS'!D$16:D$1318,MATCH(11,'LISTA DE PRECIOS'!$I$16:$I$1318,0)),"") | E26: =IFERROR(INDEX('LISTA DE PRECIOS'!E$16:E$1318,MATCH(11,'LISTA DE PRECIOS'!$I$16:$I$1318,0)),"") | F26: =IFERROR(INDEX('LISTA DE PRECIOS'!F$16:F$1318,MATCH(11,'LISTA DE PRECIOS'!$I$16:$I$1318,0)),"") | G26: =IFERROR(INDEX('LISTA DE PRECIOS'!G$16:G$1318,MATCH(11,'LISTA DE PRECIOS'!$I$16:$I$1318,0)),"") | H26: =IFERROR(INDEX('LISTA DE PRECIOS'!H$16:H$1318,MATCH(11,'LISTA DE PRECIOS'!$I$16:$I$1318,0)),"") | I26: =IF(OR(G26="",H26=""),"",G26*H26)
A27: =IFERROR(INDEX('LISTA DE PRECIOS'!A$16:A$1318,MATCH(12,'LISTA DE PRECIOS'!$I$16:$I$1318,0)),"") | B27: =IFERROR(INDEX('LISTA DE PRECIOS'!B$16:B$1318,MATCH(12,'LISTA DE PRECIOS'!$I$16:$I$1318,0)),"") | C27: =IFERROR(INDEX('LISTA DE PRECIOS'!C$16:C$1318,MATCH(12,'LISTA DE PRECIOS'!$I$16:$I$1318,0)),"") | D27: =IFERROR(INDEX('LISTA DE PRECIOS'!D$16:D$1318,MATCH(12,'LISTA DE PRECIOS'!$I$16:$I$1318,0)),"") | E27: =IFERROR(INDEX('LISTA DE PRECIOS'!E$16:E$1318,MATCH(12,'LISTA DE PRECIOS'!$I$16:$I$1318,0)),"") | F27: =IFERROR(INDEX('LISTA DE PRECIOS'!F$16:F$1318,MATCH(12,'LISTA DE PRECIOS'!$I$16:$I$1318,0)),"") | G27: =IFERROR(INDEX('LISTA DE PRECIOS'!G$16:G$1318,MATCH(12,'LISTA DE PRECIOS'!$I$16:$I$1318,0)),"") | H27: =IFERROR(INDEX('LISTA DE PRECIOS'!H$16:H$1318,MATCH(12,'LISTA DE PRECIOS'!$I$16:$I$1318,0)),"") | I27: =IF(OR(G27="",H27=""),"",G27*H27)
A28: =IFERROR(INDEX('LISTA DE PRECIOS'!A$16:A$1318,MATCH(13,'LISTA DE PRECIOS'!$I$16:$I$1318,0)),"") | B28: =IFERROR(INDEX('LISTA DE PRECIOS'!B$16:B$1318,MATCH(13,'LISTA DE PRECIOS'!$I$16:$I$1318,0)),"") | C28: =IFERROR(INDEX('LISTA DE PRECIOS'!C$16:C$1318,MATCH(13,'LISTA DE PRECIOS'!$I$16:$I$1318,0)),"") | D28: =IFERROR(INDEX('LISTA DE PRECIOS'!D$16:D$1318,MATCH(13,'LISTA DE PRECIOS'!$I$16:$I$1318,0)),"") | E28: =IFERROR(INDEX('LISTA DE PRECIOS'!E$16:E$1318,MATCH(13,'LISTA DE PRECIOS'!$I$16:$I$1318,0)),"") | F28: =IFERROR(INDEX('LISTA DE PRECIOS'!F$16:F$1318,MATCH(13,'LISTA DE PRECIOS'!$I$16:$I$1318,0)),"") | G28: =IFERROR(INDEX('LISTA DE PRECIOS'!G$16:G$1318,MATCH(13,'LISTA DE PRECIOS'!$I$16:$I$1318,0)),"") | H28: =IFERROR(INDEX('LISTA DE PRECIOS'!H$16:H$1318,MATCH(13,'LISTA DE PRECIOS'!$I$16:$I$1318,0)),"") | I28: =IF(OR(G28="",H28=""),"",G28*H28)
A29: =IFERROR(INDEX('LISTA DE PRECIOS'!A$16:A$1318,MATCH(14,'LISTA DE PRECIOS'!$I$16:$I$1318,0)),"") | B29: =IFERROR(INDEX('LISTA DE PRECIOS'!B$16:B$1318,MATCH(14,'LISTA DE PRECIOS'!$I$16:$I$1318,0)),"") | C29: =IFERROR(INDEX('LISTA DE PRECIOS'!C$16:C$1318,MATCH(14,'LISTA DE PRECIOS'!$I$16:$I$1318,0)),"") | D29: =IFERROR(INDEX('LISTA DE PRECIOS'!D$16:D$1318,MATCH(14,'LISTA DE PRECIOS'!$I$16:$I$1318,0)),"") | E29: =IFERROR(INDEX('LISTA DE PRECIOS'!E$16:E$1318,MATCH(14,'LISTA DE PRECIOS'!$I$16:$I$1318,0)),"") | F29: =IFERROR(INDEX('LISTA DE PRECIOS'!F$16:F$1318,MATCH(14,'LISTA DE PRECIOS'!$I$16:$I$1318,0)),"") | G29: =IFERROR(INDEX('LISTA DE PRECIOS'!G$16:G$1318,MATCH(14,'LISTA DE PRECIOS'!$I$16:$I$1318,0)),"") | H29: =IFERROR(INDEX('LISTA DE PRECIOS'!H$16:H$1318,MATCH(14,'LISTA DE PRECIOS'!$I$16:$I$1318,0)),"") | I29: =IF(OR(G29="",H29=""),"",G29*H29)
A30: =IFERROR(INDEX('LISTA DE PRECIOS'!A$16:A$1318,MATCH(15,'LISTA DE PRECIOS'!$I$16:$I$1318,0)),"") | B30: =IFERROR(INDEX('LISTA DE PRECIOS'!B$16:B$1318,MATCH(15,'LISTA DE PRECIOS'!$I$16:$I$1318,0)),"") | C30: =IFERROR(INDEX('LISTA DE PRECIOS'!C$16:C$1318,MATCH(15,'LISTA DE PRECIOS'!$I$16:$I$1318,0)),"") | D30: =IFERROR(INDEX('LISTA DE PRECIOS'!D$16:D$1318,MATCH(15,'LISTA DE PRECIOS'!$I$16:$I$1318,0)),"") | E30: =IFERROR(INDEX('LISTA DE PRECIOS'!E$16:E$1318,MATCH(15,'LISTA DE PRECIOS'!$I$16:$I$1318,0)),"") | F30: =IFERROR(INDEX('LISTA DE PRECIOS'!F$16:F$1318,MATCH(15,'LISTA DE PRECIOS'!$I$16:$I$1318,0)),"") | G30: =IFERROR(INDEX('LISTA DE PRECIOS'!G$16:G$1318,MATCH(15,'LISTA DE PRECIOS'!$I$16:$I$1318,0)),"") | H30: =IFERROR(INDEX('LISTA DE PRECIOS'!H$16:H$1318,MATCH(15,'LISTA DE PRECIOS'!$I$16:$I$1318,0)),"") | I30: =IF(OR(G30="",H30=""),"",G30*H30)
A31: =IFERROR(INDEX('LISTA DE PRECIOS'!A$16:A$1318,MATCH(16,'LISTA DE PRECIOS'!$I$16:$I$1318,0)),"") | B31: =IFERROR(INDEX('LISTA DE PRECIOS'!B$16:B$1318,MATCH(16,'LISTA DE PRECIOS'!$I$16:$I$1318,0)),"") | C31: =IFERROR(INDEX('LISTA DE PRECIOS'!C$16:C$1318,MATCH(16,'LISTA DE PRECIOS'!$I$16:$I$1318,0)),"") | D31: =IFERROR(INDEX('LISTA DE PRECIOS'!D$16:D$1318,MATCH(16,'LISTA DE PRECIOS'!$I$16:$I$1318,0)),"") | E31: =IFERROR(INDEX('LISTA DE PRECIOS'!E$16:E$1318,MATCH(16,'LISTA DE PRECIOS'!$I$16:$I$1318,0)),"") | F31: =IFERROR(INDEX('LISTA DE PRECIOS'!F$16:F$1318,MATCH(16,'LISTA DE PRECIOS'!$I$16:$I$1318,0)),"") | G31: =IFERROR(INDEX('LISTA DE PRECIOS'!G$16:G$1318,MATCH(16,'LISTA DE PRECIOS'!$I$16:$I$1318,0)),"") | H31: =IFERROR(INDEX('LISTA DE PRECIOS'!H$16:H$1318,MATCH(16,'LISTA DE PRECIOS'!$I$16:$I$1318,0)),"") | I31: =IF(OR(G31="",H31=""),"",G31*H31)
A32: =IFERROR(INDEX('LISTA DE PRECIOS'!A$16:A$1318,MATCH(17,'LISTA DE PRECIOS'!$I$16:$I$1318,0)),"") | B32: =IFERROR(INDEX('LISTA DE PRECIOS'!B$16:B$1318,MATCH(17,'LISTA DE PRECIOS'!$I$16:$I$1318,0)),"") | C32: =IFERROR(INDEX('LISTA DE PRECIOS'!C$16:C$1318,MATCH(17,'LISTA DE PRECIOS'!$I$16:$I$1318,0)),"") | D32: =IFERROR(INDEX('LISTA DE PRECIOS'!D$16:D$1318,MATCH(17,'LISTA DE PRECIOS'!$I$16:$I$1318,0)),"") | E32: =IFERROR(INDEX('LISTA DE PRECIOS'!E$16:E$1318,MATCH(17,'LISTA DE PRECIOS'!$I$16:$I$1318,0)),"") | F32: =IFERROR(INDEX('LISTA DE PRECIOS'!F$16:F$1318,MATCH(17,'LISTA DE PRECIOS'!$I$16:$I$1318,0)),"") | G32: =IFERROR(INDEX('LISTA DE PRECIOS'!G$16:G$1318,MATCH(17,'LISTA DE PRECIOS'!$I$16:$I$1318,0)),"") | H32: =IFERROR(INDEX('LISTA DE PRECIOS'!H$16:H$1318,MATCH(17,'LISTA DE PRECIOS'!$I$16:$I$1318,0)),"") | I32: =IF(OR(G32="",H32=""),"",G32*H32)
A33: =IFERROR(INDEX('LISTA DE PRECIOS'!A$16:A$1318,MATCH(18,'LISTA DE PRECIOS'!$I$16:$I$1318,0)),"") | B33: =IFERROR(INDEX('LISTA DE PRECIOS'!B$16:B$1318,MATCH(18,'LISTA DE PRECIOS'!$I$16:$I$1318,0)),"") | C33: =IFERROR(INDEX('LISTA DE PRECIOS'!C$16:C$1318,MATCH(18,'LISTA DE PRECIOS'!$I$16:$I$1318,0)),"") | D33: =IFERROR(INDEX('LISTA DE PRECIOS'!D$16:D$1318,MATCH(18,'LISTA DE PRECIOS'!$I$16:$I$1318,0)),"") | E33: =IFERROR(INDEX('LISTA DE PRECIOS'!E$16:E$1318,MATCH(18,'LISTA DE PRECIOS'!$I$16:$I$1318,0)),"") | F33: =IFERROR(INDEX('LISTA DE PRECIOS'!F$16:F$1318,MATCH(18,'LISTA DE PRECIOS'!$I$16:$I$1318,0)),"") | G33: =IFERROR(INDEX('LISTA DE PRECIOS'!G$16:G$1318,MATCH(18,'LISTA DE PRECIOS'!$I$16:$I$1318,0)),"") | H33: =IFERROR(INDEX('LISTA DE PRECIOS'!H$16:H$1318,MATCH(18,'LISTA DE PRECIOS'!$I$16:$I$1318,0)),"") | I33: =IF(OR(G33="",H33=""),"",G33*H33)
A34: =IFERROR(INDEX('LISTA DE PRECIOS'!A$16:A$1318,MATCH(19,'LISTA DE PRECIOS'!$I$16:$I$1318,0)),"") | B34: =IFERROR(INDEX('LISTA DE PRECIOS'!B$16:B$1318,MATCH(19,'LISTA DE PRECIOS'!$I$16:$I$1318,0)),"") | C34: =IFERROR(INDEX('LISTA DE PRECIOS'!C$16:C$1318,MATCH(19,'LISTA DE PRECIOS'!$I$16:$I$1318,0)),"") | D34: =IFERROR(INDEX('LISTA DE PRECIOS'!D$16:D$1318,MATCH(19,'LISTA DE PRECIOS'!$I$16:$I$1318,0)),"") | E34: =IFERROR(INDEX('LISTA DE PRECIOS'!E$16:E$1318,MATCH(19,'LISTA DE PRECIOS'!$I$16:$I$1318,0)),"") | F34: =IFERROR(INDEX('LISTA DE PRECIOS'!F$16:F$1318,MATCH(19,'LISTA DE PRECIOS'!$I$16:$I$1318,0)),"") | G34: =IFERROR(INDEX('LISTA DE PRECIOS'!G$16:G$1318,MATCH(19,'LISTA DE PRECIOS'!$I$16:$I$1318,0)),"") | H34: =IFERROR(INDEX('LISTA DE PRECIOS'!H$16:H$1318,MATCH(19,'LISTA DE PRECIOS'!$I$16:$I$1318,0)),"") | I34: =IF(OR(G34="",H34=""),"",G34*H34)
A35: =IFERROR(INDEX('LISTA DE PRECIOS'!A$16:A$1318,MATCH(20,'LISTA DE PRECIOS'!$I$16:$I$1318,0)),"") | B35: =IFERROR(INDEX('LISTA DE PRECIOS'!B$16:B$1318,MATCH(20,'LISTA DE PRECIOS'!$I$16:$I$1318,0)),"") | C35: =IFERROR(INDEX('LISTA DE PRECIOS'!C$16:C$1318,MATCH(20,'LISTA DE PRECIOS'!$I$16:$I$1318,0)),"") | D35: =IFERROR(INDEX('LISTA DE PRECIOS'!D$16:D$1318,MATCH(20,'LISTA DE PRECIOS'!$I$16:$I$1318,0)),"") | E35: =IFERROR(INDEX('LISTA DE PRECIOS'!E$16:E$1318,MATCH(20,'LISTA DE PRECIOS'!$I$16:$I$1318,0)),"") | F35: =IFERROR(INDEX('LISTA DE PRECIOS'!F$16:F$1318,MATCH(20,'LISTA DE PRECIOS'!$I$16:$I$1318,0)),"") | G35: =IFERROR(INDEX('LISTA DE PRECIOS'!G$16:G$1318,MATCH(20,'LISTA DE PRECIOS'!$I$16:$I$1318,0)),"") | H35: =IFERROR(INDEX('LISTA DE PRECIOS'!H$16:H$1318,MATCH(20,'LISTA DE PRECIOS'!$I$16:$I$1318,0)),"") | I35: =IF(OR(G35="",H35=""),"",G35*H35)
A36: =IFERROR(INDEX('LISTA DE PRECIOS'!A$16:A$1318,MATCH(21,'LISTA DE PRECIOS'!$I$16:$I$1318,0)),"") | B36: =IFERROR(INDEX('LISTA DE PRECIOS'!B$16:B$1318,MATCH(21,'LISTA DE PRECIOS'!$I$16:$I$1318,0)),"") | C36: =IFERROR(INDEX('LISTA DE PRECIOS'!C$16:C$1318,MATCH(21,'LISTA DE PRECIOS'!$I$16:$I$1318,0)),"") | D36: =IFERROR(INDEX('LISTA DE PRECIOS'!D$16:D$1318,MATCH(21,'LISTA DE PRECIOS'!$I$16:$I$1318,0)),"") | E36: =IFERROR(INDEX('LISTA DE PRECIOS'!E$16:E$1318,MATCH(21,'LISTA DE PRECIOS'!$I$16:$I$1318,0)),"") | F36: =IFERROR(INDEX('LISTA DE PRECIOS'!F$16:F$1318,MATCH(21,'LISTA DE PRECIOS'!$I$16:$I$1318,0)),"") | G36: =IFERROR(INDEX('LISTA DE PRECIOS'!G$16:G$1318,MATCH(21,'LISTA DE PRECIOS'!$I$16:$I$1318,0)),"") | H36: =IFERROR(INDEX('LISTA DE PRECIOS'!H$16:H$1318,MATCH(21,'LISTA DE PRECIOS'!$I$16:$I$1318,0)),"") | I36: =IF(OR(G36="",H36=""),"",G36*H36)
A37: =IFERROR(INDEX('LISTA DE PRECIOS'!A$16:A$1318,MATCH(22,'LISTA DE PRECIOS'!$I$16:$I$1318,0)),"") | B37: =IFERROR(INDEX('LISTA DE PRECIOS'!B$16:B$1318,MATCH(22,'LISTA DE PRECIOS'!$I$16:$I$1318,0)),"") | C37: =IFERROR(INDEX('LISTA DE PRECIOS'!C$16:C$1318,MATCH(22,'LISTA DE PRECIOS'!$I$16:$I$1318,0)),"") | D37: =IFERROR(INDEX('LISTA DE PRECIOS'!D$16:D$1318,MATCH(22,'LISTA DE PRECIOS'!$I$16:$I$1318,0)),"") | E37: =IFERROR(INDEX('LISTA DE PRECIOS'!E$16:E$1318,MATCH(22,'LISTA DE PRECIOS'!$I$16:$I$1318,0)),"") | F37: =IFERROR(INDEX('LISTA DE PRECIOS'!F$16:F$1318,MATCH(22,'LISTA DE PRECIOS'!$I$16:$I$1318,0)),"") | G37: =IFERROR(INDEX('LISTA DE PRECIOS'!G$16:G$1318,MATCH(22,'LISTA DE PRECIOS'!$I$16:$I$1318,0)),"") | H37: =IFERROR(INDEX('LISTA DE PRECIOS'!H$16:H$1318,MATCH(22,'LISTA DE PRECIOS'!$I$16:$I$1318,0)),"") | I37: =IF(OR(G37="",H37=""),"",G37*H37)
A38: =IFERROR(INDEX('LISTA DE PRECIOS'!A$16:A$1318,MATCH(23,'LISTA DE PRECIOS'!$I$16:$I$1318,0)),"") | B38: =IFERROR(INDEX('LISTA DE PRECIOS'!B$16:B$1318,MATCH(23,'LISTA DE PRECIOS'!$I$16:$I$1318,0)),"") | C38: =IFERROR(INDEX('LISTA DE PRECIOS'!C$16:C$1318,MATCH(23,'LISTA DE PRECIOS'!$I$16:$I$1318,0)),"") | D38: =IFERROR(INDEX('LISTA DE PRECIOS'!D$16:D$1318,MATCH(23,'LISTA DE PRECIOS'!$I$16:$I$1318,0)),"") | E38: =IFERROR(INDEX('LISTA DE PRECIOS'!E$16:E$1318,MATCH(23,'LISTA DE PRECIOS'!$I$16:$I$1318,0)),"") | F38: =IFERROR(INDEX('LISTA DE PRECIOS'!F$16:F$1318,MATCH(23,'LISTA DE PRECIOS'!$I$16:$I$1318,0)),"") | G38: =IFERROR(INDEX('LISTA DE PRECIOS'!G$16:G$1318,MATCH(23,'LISTA DE PRECIOS'!$I$16:$I$1318,0)),"") | H38: =IFERROR(INDEX('LISTA DE PRECIOS'!H$16:H$1318,MATCH(23,'LISTA DE PRECIOS'!$I$16:$I$1318,0)),"") | I38: =IF(OR(G38="",H38=""),"",G38*H38)
A39: =IFERROR(INDEX('LISTA DE PRECIOS'!A$16:A$1318,MATCH(24,'LISTA DE PRECIOS'!$I$16:$I$1318,0)),"") | B39: =IFERROR(INDEX('LISTA DE PRECIOS'!B$16:B$1318,MATCH(24,'LISTA DE PRECIOS'!$I$16:$I$1318,0)),"") | C39: =IFERROR(INDEX('LISTA DE PRECIOS'!C$16:C$1318,MATCH(24,'LISTA DE PRECIOS'!$I$16:$I$1318,0)),"") | D39: =IFERROR(INDEX('LISTA DE PRECIOS'!D$16:D$1318,MATCH(24,'LISTA DE PRECIOS'!$I$16:$I$1318,0)),"") | E39: =IFERROR(INDEX('LISTA DE PRECIOS'!E$16:E$1318,MATCH(24,'LISTA DE PRECIOS'!$I$16:$I$1318,0)),"") | F39: =IFERROR(INDEX('LISTA DE PRECIOS'!F$16:F$1318,MATCH(24,'LISTA DE PRECIOS'!$I$16:$I$1318,0)),"") | G39: =IFERROR(INDEX('LISTA DE PRECIOS'!G$16:G$1318,MATCH(24,'LISTA DE PRECIOS'!$I$16:$I$1318,0)),"") | H39: =IFERROR(INDEX('LISTA DE PRECIOS'!H$16:H$1318,MATCH(24,'LISTA DE PRECIOS'!$I$16:$I$1318,0)),"") | I39: =IF(OR(G39="",H39=""),"",G39*H39)
A40: =IFERROR(INDEX('LISTA DE PRECIOS'!A$16:A$1318,MATCH(25,'LISTA DE PRECIOS'!$I$16:$I$1318,0)),"") | B40: =IFERROR(INDEX('LISTA DE PRECIOS'!B$16:B$1318,MATCH(25,'LISTA DE PRECIOS'!$I$16:$I$1318,0)),"") | C40: =IFERROR(INDEX('LISTA DE PRECIOS'!C$16:C$1318,MATCH(25,'LISTA DE PRECIOS'!$I$16:$I$1318,0)),"") | D40: =IFERROR(INDEX('LISTA DE PRECIOS'!D$16:D$1318,MATCH(25,'LISTA DE PRECIOS'!$I$16:$I$1318,0)),"") | E40: =IFERROR(INDEX('LISTA DE PRECIOS'!E$16:E$1318,MATCH(25,'LISTA DE PRECIOS'!$I$16:$I$1318,0)),"") | F40: =IFERROR(INDEX('LISTA DE PRECIOS'!F$16:F$1318,MATCH(25,'LISTA DE PRECIOS'!$I$16:$I$1318,0)),"") | G40: =IFERROR(INDEX('LISTA DE PRECIOS'!G$16:G$1318,MATCH(25,'LISTA DE PRECIOS'!$I$16:$I$1318,0)),"") | H40: =IFERROR(INDEX('LISTA DE PRECIOS'!H$16:H$1318,MATCH(25,'LISTA DE PRECIOS'!$I$16:$I$1318,0)),"") | I40: =IF(OR(G40="",H40=""),"",G40*H40)
A41: =IFERROR(INDEX('LISTA DE PRECIOS'!A$16:A$1318,MATCH(26,'LISTA DE PRECIOS'!$I$16:$I$1318,0)),"") | B41: =IFERROR(INDEX('LISTA DE PRECIOS'!B$16:B$1318,MATCH(26,'LISTA DE PRECIOS'!$I$16:$I$1318,0)),"") | C41: =IFERROR(INDEX('LISTA DE PRECIOS'!C$16:C$1318,MATCH(26,'LISTA DE PRECIOS'!$I$16:$I$1318,0)),"") | D41: =IFERROR(INDEX('LISTA DE PRECIOS'!D$16:D$1318,MATCH(26,'LISTA DE PRECIOS'!$I$16:$I$1318,0)),"") | E41: =IFERROR(INDEX('LISTA DE PRECIOS'!E$16:E$1318,MATCH(26,'LISTA DE PRECIOS'!$I$16:$I$1318,0)),"") | F41: =IFERROR(INDEX('LISTA DE PRECIOS'!F$16:F$1318,MATCH(26,'LISTA DE PRECIOS'!$I$16:$I$1318,0)),"") | G41: =IFERROR(INDEX('LISTA DE PRECIOS'!G$16:G$1318,MATCH(26,'LISTA DE PRECIOS'!$I$16:$I$1318,0)),"") | H41: =IFERROR(INDEX('LISTA DE PRECIOS'!H$16:H$1318,MATCH(26,'LISTA DE PRECIOS'!$I$16:$I$1318,0)),"") | I41: =IF(OR(G41="",H41=""),"",G41*H41)
A42: =IFERROR(INDEX('LISTA DE PRECIOS'!A$16:A$1318,MATCH(27,'LISTA DE PRECIOS'!$I$16:$I$1318,0)),"") | B42: =IFERROR(INDEX('LISTA DE PRECIOS'!B$16:B$1318,MATCH(27,'LISTA DE PRECIOS'!$I$16:$I$1318,0)),"") | C42: =IFERROR(INDEX('LISTA DE PRECIOS'!C$16:C$1318,MATCH(27,'LISTA DE PRECIOS'!$I$16:$I$1318,0)),"") | D42: =IFERROR(INDEX('LISTA DE PRECIOS'!D$16:D$1318,MATCH(27,'LISTA DE PRECIOS'!$I$16:$I$1318,0)),"") | E42: =IFERROR(INDEX('LISTA DE PRECIOS'!E$16:E$1318,MATCH(27,'LISTA DE PRECIOS'!$I$16:$I$1318,0)),"") | F42: =IFERROR(INDEX('LISTA DE PRECIOS'!F$16:F$1318,MATCH(27,'LISTA DE PRECIOS'!$I$16:$I$1318,0)),"") | G42: =IFERROR(INDEX('LISTA DE PRECIOS'!G$16:G$1318,MATCH(27,'LISTA DE PRECIOS'!$I$16:$I$1318,0)),"") | H42: =IFERROR(INDEX('LISTA DE PRECIOS'!H$16:H$1318,MATCH(27,'LISTA DE PRECIOS'!$I$16:$I$1318,0)),"") | I42: =IF(OR(G42="",H42=""),"",G42*H42)
A43: =IFERROR(INDEX('LISTA DE PRECIOS'!A$16:A$1318,MATCH(28,'LISTA DE PRECIOS'!$I$16:$I$1318,0)),"") | B43: =IFERROR(INDEX('LISTA DE PRECIOS'!B$16:B$1318,MATCH(28,'LISTA DE PRECIOS'!$I$16:$I$1318,0)),"") | C43: =IFERROR(INDEX('LISTA DE PRECIOS'!C$16:C$1318,MATCH(28,'LISTA DE PRECIOS'!$I$16:$I$1318,0)),"") | D43: =IFERROR(INDEX('LISTA DE PRECIOS'!D$16:D$1318,MATCH(28,'LISTA DE PRECIOS'!$I$16:$I$1318,0)),"") | E43: =IFERROR(INDEX('LISTA DE PRECIOS'!E$16:E$1318,MATCH(28,'LISTA DE PRECIOS'!$I$16:$I$1318,0)),"") | F43: =IFERROR(INDEX('LISTA DE PRECIOS'!F$16:F$1318,MATCH(28,'LISTA DE PRECIOS'!$I$16:$I$1318,0)),"") | G43: =IFERROR(INDEX('LISTA DE PRECIOS'!G$16:G$1318,MATCH(28,'LISTA DE PRECIOS'!$I$16:$I$1318,0)),"") | H43: =IFERROR(INDEX('LISTA DE PRECIOS'!H$16:H$1318,MATCH(28,'LISTA DE PRECIOS'!$I$16:$I$1318,0)),"") | I43: =IF(OR(G43="",H43=""),"",G43*H43)
A44: =IFERROR(INDEX('LISTA DE PRECIOS'!A$16:A$1318,MATCH(29,'LISTA DE PRECIOS'!$I$16:$I$1318,0)),"") | B44: =IFERROR(INDEX('LISTA DE PRECIOS'!B$16:B$1318,MATCH(29,'LISTA DE PRECIOS'!$I$16:$I$1318,0)),"") | C44: =IFERROR(INDEX('LISTA DE PRECIOS'!C$16:C$1318,MATCH(29,'LISTA DE PRECIOS'!$I$16:$I$1318,0)),"") | D44: =IFERROR(INDEX('LISTA DE PRECIOS'!D$16:D$1318,MATCH(29,'LISTA DE PRECIOS'!$I$16:$I$1318,0)),"") | E44: =IFERROR(INDEX('LISTA DE PRECIOS'!E$16:E$1318,MATCH(29,'LISTA DE PRECIOS'!$I$16:$I$1318,0)),"") | F44: =IFERROR(INDEX('LISTA DE PRECIOS'!F$16:F$1318,MATCH(29,'LISTA DE PRECIOS'!$I$16:$I$1318,0)),"") | G44: =IFERROR(INDEX('LISTA DE PRECIOS'!G$16:G$1318,MATCH(29,'LISTA DE PRECIOS'!$I$16:$I$1318,0)),"") | H44: =IFERROR(INDEX('LISTA DE PRECIOS'!H$16:H$1318,MATCH(29,'LISTA DE PRECIOS'!$I$16:$I$1318,0)),"") | I44: =IF(OR(G44="",H44=""),"",G44*H44)
A45: =IFERROR(INDEX('LISTA DE PRECIOS'!A$16:A$1318,MATCH(30,'LISTA DE PRECIOS'!$I$16:$I$1318,0)),"") | B45: =IFERROR(INDEX('LISTA DE PRECIOS'!B$16:B$1318,MATCH(30,'LISTA DE PRECIOS'!$I$16:$I$1318,0)),"") | C45: =IFERROR(INDEX('LISTA DE PRECIOS'!C$16:C$1318,MATCH(30,'LISTA DE PRECIOS'!$I$16:$I$1318,0)),"") | D45: =IFERROR(INDEX('LISTA DE PRECIOS'!D$16:D$1318,MATCH(30,'LISTA DE PRECIOS'!$I$16:$I$1318,0)),"") | E45: =IFERROR(INDEX('LISTA DE PRECIOS'!E$16:E$1318,MATCH(30,'LISTA DE PRECIOS'!$I$16:$I$1318,0)),"") | F45: =IFERROR(INDEX('LISTA DE PRECIOS'!F$16:F$1318,MATCH(30,'LISTA DE PRECIOS'!$I$16:$I$1318,0)),"") | G45: =IFERROR(INDEX('LISTA DE PRECIOS'!G$16:G$1318,MATCH(30,'LISTA DE PRECIOS'!$I$16:$I$1318,0)),"") | H45: =IFERROR(INDEX('LISTA DE PRECIOS'!H$16:H$1318,MATCH(30,'LISTA DE PRECIOS'!$I$16:$I$1318,0)),"") | I45: =IF(OR(G45="",H45=""),"",G45*H45)
A46: =IFERROR(INDEX('LISTA DE PRECIOS'!A$16:A$1318,MATCH(31,'LISTA DE PRECIOS'!$I$16:$I$1318,0)),"") | B46: =IFERROR(INDEX('LISTA DE PRECIOS'!B$16:B$1318,MATCH(31,'LISTA DE PRECIOS'!$I$16:$I$1318,0)),"") | C46: =IFERROR(INDEX('LISTA DE PRECIOS'!C$16:C$1318,MATCH(31,'LISTA DE PRECIOS'!$I$16:$I$1318,0)),"") | D46: =IFERROR(INDEX('LISTA DE PRECIOS'!D$16:D$1318,MATCH(31,'LISTA DE PRECIOS'!$I$16:$I$1318,0)),"") | E46: =IFERROR(INDEX('LISTA DE PRECIOS'!E$16:E$1318,MATCH(31,'LISTA DE PRECIOS'!$I$16:$I$1318,0)),"") | F46: =IFERROR(INDEX('LISTA DE PRECIOS'!F$16:F$1318,MATCH(31,'LISTA DE PRECIOS'!$I$16:$I$1318,0)),"") | G46: =IFERROR(INDEX('LISTA DE PRECIOS'!G$16:G$1318,MATCH(31,'LISTA DE PRECIOS'!$I$16:$I$1318,0)),"") | H46: =IFERROR(INDEX('LISTA DE PRECIOS'!H$16:H$1318,MATCH(31,'LISTA DE PRECIOS'!$I$16:$I$1318,0)),"") | I46: =IF(OR(G46="",H46=""),"",G46*H46)
A47: =IFERROR(INDEX('LISTA DE PRECIOS'!A$16:A$1318,MATCH(32,'LISTA DE PRECIOS'!$I$16:$I$1318,0)),"") | B47: =IFERROR(INDEX('LISTA DE PRECIOS'!B$16:B$1318,MATCH(32,'LISTA DE PRECIOS'!$I$16:$I$1318,0)),"") | C47: =IFERROR(INDEX('LISTA DE PRECIOS'!C$16:C$1318,MATCH(32,'LISTA DE PRECIOS'!$I$16:$I$1318,0)),"") | D47: =IFERROR(INDEX('LISTA DE PRECIOS'!D$16:D$1318,MATCH(32,'LISTA DE PRECIOS'!$I$16:$I$1318,0)),"") | E47: =IFERROR(INDEX('LISTA DE PRECIOS'!E$16:E$1318,MATCH(32,'LISTA DE PRECIOS'!$I$16:$I$1318,0)),"") | F47: =IFERROR(INDEX('LISTA DE PRECIOS'!F$16:F$1318,MATCH(32,'LISTA DE PRECIOS'!$I$16:$I$1318,0)),"") | G47: =IFERROR(INDEX('LISTA DE PRECIOS'!G$16:G$1318,MATCH(32,'LISTA DE PRECIOS'!$I$16:$I$1318,0)),"") | H47: =IFERROR(INDEX('LISTA DE PRECIOS'!H$16:H$1318,MATCH(32,'LISTA DE PRECIOS'!$I$16:$I$1318,0)),"") | I47: =IF(OR(G47="",H47=""),"",G47*H47)
A48: =IFERROR(INDEX('LISTA DE PRECIOS'!A$16:A$1318,MATCH(33,'LISTA DE PRECIOS'!$I$16:$I$1318,0)),"") | B48: =IFERROR(INDEX('LISTA DE PRECIOS'!B$16:B$1318,MATCH(33,'LISTA DE PRECIOS'!$I$16:$I$1318,0)),"") | C48: =IFERROR(INDEX('LISTA DE PRECIOS'!C$16:C$1318,MATCH(33,'LISTA DE PRECIOS'!$I$16:$I$1318,0)),"") | D48: =IFERROR(INDEX('LISTA DE PRECIOS'!D$16:D$1318,MATCH(33,'LISTA DE PRECIOS'!$I$16:$I$1318,0)),"") | E48: =IFERROR(INDEX('LISTA DE PRECIOS'!E$16:E$1318,MATCH(33,'LISTA DE PRECIOS'!$I$16:$I$1318,0)),"") | F48: =IFERROR(INDEX('LISTA DE PRECIOS'!F$16:F$1318,MATCH(33,'LISTA DE PRECIOS'!$I$16:$I$1318,0)),"") | G48: =IFERROR(INDEX('LISTA DE PRECIOS'!G$16:G$1318,MATCH(33,'LISTA DE PRECIOS'!$I$16:$I$1318,0)),"") | H48: =IFERROR(INDEX('LISTA DE PRECIOS'!H$16:H$1318,MATCH(33,'LISTA DE PRECIOS'!$I$16:$I$1318,0)),"") | I48: =IF(OR(G48="",H48=""),"",G48*H48)
A49: =IFERROR(INDEX('LISTA DE PRECIOS'!A$16:A$1318,MATCH(34,'LISTA DE PRECIOS'!$I$16:$I$1318,0)),"") | B49: =IFERROR(INDEX('LISTA DE PRECIOS'!B$16:B$1318,MATCH(34,'LISTA DE PRECIOS'!$I$16:$I$1318,0)),"") | C49: =IFERROR(INDEX('LISTA DE PRECIOS'!C$16:C$1318,MATCH(34,'LISTA DE PRECIOS'!$I$16:$I$1318,0)),"") | D49: =IFERROR(INDEX('LISTA DE PRECIOS'!D$16:D$1318,MATCH(34,'LISTA DE PRECIOS'!$I$16:$I$1318,0)),"") | E49: =IFERROR(INDEX('LISTA DE PRECIOS'!E$16:E$1318,MATCH(34,'LISTA DE PRECIOS'!$I$16:$I$1318,0)),"") | F49: =IFERROR(INDEX('LISTA DE PRECIOS'!F$16:F$1318,MATCH(34,'LISTA DE PRECIOS'!$I$16:$I$1318,0)),"") | G49: =IFERROR(INDEX('LISTA DE PRECIOS'!G$16:G$1318,MATCH(34,'LISTA DE PRECIOS'!$I$16:$I$1318,0)),"") | H49: =IFERROR(INDEX('LISTA DE PRECIOS'!H$16:H$1318,MATCH(34,'LISTA DE PRECIOS'!$I$16:$I$1318,0)),"") | I49: =IF(OR(G49="",H49=""),"",G49*H49)
A50: =IFERROR(INDEX('LISTA DE PRECIOS'!A$16:A$1318,MATCH(35,'LISTA DE PRECIOS'!$I$16:$I$1318,0)),"") | B50: =IFERROR(INDEX('LISTA DE PRECIOS'!B$16:B$1318,MATCH(35,'LISTA DE PRECIOS'!$I$16:$I$1318,0)),"") | C50: =IFERROR(INDEX('LISTA DE PRECIOS'!C$16:C$1318,MATCH(35,'LISTA DE PRECIOS'!$I$16:$I$1318,0)),"") | D50: =IFERROR(INDEX('LISTA DE PRECIOS'!D$16:D$1318,MATCH(35,'LISTA DE PRECIOS'!$I$16:$I$1318,0)),"") | E50: =IFERROR(INDEX('LISTA DE PRECIOS'!E$16:E$1318,MATCH(35,'LISTA DE PRECIOS'!$I$16:$I$1318,0)),"") | F50: =IFERROR(INDEX('LISTA DE PRECIOS'!F$16:F$1318,MATCH(35,'LISTA DE PRECIOS'!$I$16:$I$1318,0)),"") | G50: =IFERROR(INDEX('LISTA DE PRECIOS'!G$16:G$1318,MATCH(35,'LISTA DE PRECIOS'!$I$16:$I$1318,0)),"") | H50: =IFERROR(INDEX('LISTA DE PRECIOS'!H$16:H$1318,MATCH(35,'LISTA DE PRECIOS'!$I$16:$I$1318,0)),"") | I50: =IF(OR(G50="",H50=""),"",G50*H50)
A51: =IFERROR(INDEX('LISTA DE PRECIOS'!A$16:A$1318,MATCH(36,'LISTA DE PRECIOS'!$I$16:$I$1318,0)),"") | B51: =IFERROR(INDEX('LISTA DE PRECIOS'!B$16:B$1318,MATCH(36,'LISTA DE PRECIOS'!$I$16:$I$1318,0)),"") | C51: =IFERROR(INDEX('LISTA DE PRECIOS'!C$16:C$1318,MATCH(36,'LISTA DE PRECIOS'!$I$16:$I$1318,0)),"") | D51: =IFERROR(INDEX('LISTA DE PRECIOS'!D$16:D$1318,MATCH(36,'LISTA DE PRECIOS'!$I$16:$I$1318,0)),"") | E51: =IFERROR(INDEX('LISTA DE PRECIOS'!E$16:E$1318,MATCH(36,'LISTA DE PRECIOS'!$I$16:$I$1318,0)),"") | F51: =IFERROR(INDEX('LISTA DE PRECIOS'!F$16:F$1318,MATCH(36,'LISTA DE PRECIOS'!$I$16:$I$1318,0)),"") | G51: =IFERROR(INDEX('LISTA DE PRECIOS'!G$16:G$1318,MATCH(36,'LISTA DE PRECIOS'!$I$16:$I$1318,0)),"") | H51: =IFERROR(INDEX('LISTA DE PRECIOS'!H$16:H$1318,MATCH(36,'LISTA DE PRECIOS'!$I$16:$I$1318,0)),"") | I51: =IF(OR(G51="",H51=""),"",G51*H51)
A52: =IFERROR(INDEX('LISTA DE PRECIOS'!A$16:A$1318,MATCH(37,'LISTA DE PRECIOS'!$I$16:$I$1318,0)),"") | B52: =IFERROR(INDEX('LISTA DE PRECIOS'!B$16:B$1318,MATCH(37,'LISTA DE PRECIOS'!$I$16:$I$1318,0)),"") | C52: =IFERROR(INDEX('LISTA DE PRECIOS'!C$16:C$1318,MATCH(37,'LISTA DE PRECIOS'!$I$16:$I$1318,0)),"") | D52: =IFERROR(INDEX('LISTA DE PRECIOS'!D$16:D$1318,MATCH(37,'LISTA DE PRECIOS'!$I$16:$I$1318,0)),"") | E52: =IFERROR(INDEX('LISTA DE PRECIOS'!E$16:E$1318,MATCH(37,'LISTA DE PRECIOS'!$I$16:$I$1318,0)),"") | F52: =IFERROR(INDEX('LISTA DE PRECIOS'!F$16:F$1318,MATCH(37,'LISTA DE PRECIOS'!$I$16:$I$1318,0)),"") | G52: =IFERROR(INDEX('LISTA DE PRECIOS'!G$16:G$1318,MATCH(37,'LISTA DE PRECIOS'!$I$16:$I$1318,0)),"") | H52: =IFERROR(INDEX('LISTA DE PRECIOS'!H$16:H$1318,MATCH(37,'LISTA DE PRECIOS'!$I$16:$I$1318,0)),"") | I52: =IF(OR(G52="",H52=""),"",G52*H52)
A53: =IFERROR(INDEX('LISTA DE PRECIOS'!A$16:A$1318,MATCH(38,'LISTA DE PRECIOS'!$I$16:$I$1318,0)),"") | B53: =IFERROR(INDEX('LISTA DE PRECIOS'!B$16:B$1318,MATCH(38,'LISTA DE PRECIOS'!$I$16:$I$1318,0)),"") | C53: =IFERROR(INDEX('LISTA DE PRECIOS'!C$16:C$1318,MATCH(38,'LISTA DE PRECIOS'!$I$16:$I$1318,0)),"") | D53: =IFERROR(INDEX('LISTA DE PRECIOS'!D$16:D$1318,MATCH(38,'LISTA DE PRECIOS'!$I$16:$I$1318,0)),"") | E53: =IFERROR(INDEX('LISTA DE PRECIOS'!E$16:E$1318,MATCH(38,'LISTA DE PRECIOS'!$I$16:$I$1318,0)),"") | F53: =IFERROR(INDEX('LISTA DE PRECIOS'!F$16:F$1318,MATCH(38,'LISTA DE PRECIOS'!$I$16:$I$1318,0)),"") | G53: =IFERROR(INDEX('LISTA DE PRECIOS'!G$16:G$1318,MATCH(38,'LISTA DE PRECIOS'!$I$16:$I$1318,0)),"") | H53: =IFERROR(INDEX('LISTA DE PRECIOS'!H$16:H$1318,MATCH(38,'LISTA DE PRECIOS'!$I$16:$I$1318,0)),"") | I53: =IF(OR(G53="",H53=""),"",G53*H53)
A54: =IFERROR(INDEX('LISTA DE PRECIOS'!A$16:A$1318,MATCH(39,'LISTA DE PRECIOS'!$I$16:$I$1318,0)),"") | B54: =IFERROR(INDEX('LISTA DE PRECIOS'!B$16:B$1318,MATCH(39,'LISTA DE PRECIOS'!$I$16:$I$1318,0)),"") | C54: =IFERROR(INDEX('LISTA DE PRECIOS'!C$16:C$1318,MATCH(39,'LISTA DE PRECIOS'!$I$16:$I$1318,0)),"") | D54: =IFERROR(INDEX('LISTA DE PRECIOS'!D$16:D$1318,MATCH(39,'LISTA DE PRECIOS'!$I$16:$I$1318,0)),"") | E54: =IFERROR(INDEX('LISTA DE PRECIOS'!E$16:E$1318,MATCH(39,'LISTA DE PRECIOS'!$I$16:$I$1318,0)),"") | F54: =IFERROR(INDEX('LISTA DE PRECIOS'!F$16:F$1318,MATCH(39,'LISTA DE PRECIOS'!$I$16:$I$1318,0)),"") | G54: =IFERROR(INDEX('LISTA DE PRECIOS'!G$16:G$1318,MATCH(39,'LISTA DE PRECIOS'!$I$16:$I$1318,0)),"") | H54: =IFERROR(INDEX('LISTA DE PRECIOS'!H$16:H$1318,MATCH(39,'LISTA DE PRECIOS'!$I$16:$I$1318,0)),"") | I54: =IF(OR(G54="",H54=""),"",G54*H54)
A55: =IFERROR(INDEX('LISTA DE PRECIOS'!A$16:A$1318,MATCH(40,'LISTA DE PRECIOS'!$I$16:$I$1318,0)),"") | B55: =IFERROR(INDEX('LISTA DE PRECIOS'!B$16:B$1318,MATCH(40,'LISTA DE PRECIOS'!$I$16:$I$1318,0)),"") | C55: =IFERROR(INDEX('LISTA DE PRECIOS'!C$16:C$1318,MATCH(40,'LISTA DE PRECIOS'!$I$16:$I$1318,0)),"") | D55: =IFERROR(INDEX('LISTA DE PRECIOS'!D$16:D$1318,MATCH(40,'LISTA DE PRECIOS'!$I$16:$I$1318,0)),"") | E55: =IFERROR(INDEX('LISTA DE PRECIOS'!E$16:E$1318,MATCH(40,'LISTA DE PRECIOS'!$I$16:$I$1318,0)),"") | F55: =IFERROR(INDEX('LISTA DE PRECIOS'!F$16:F$1318,MATCH(40,'LISTA DE PRECIOS'!$I$16:$I$1318,0)),"") | G55: =IFERROR(INDEX('LISTA DE PRECIOS'!G$16:G$1318,MATCH(40,'LISTA DE PRECIOS'!$I$16:$I$1318,0)),"") | H55: =IFERROR(INDEX('LISTA DE PRECIOS'!H$16:H$1318,MATCH(40,'LISTA DE PRECIOS'!$I$16:$I$1318,0)),"") | I55: =IF(OR(G55="",H55=""),"",G55*H55)
A56: =IFERROR(INDEX('LISTA DE PRECIOS'!A$16:A$1318,MATCH(41,'LISTA DE PRECIOS'!$I$16:$I$1318,0)),"") | B56: =IFERROR(INDEX('LISTA DE PRECIOS'!B$16:B$1318,MATCH(41,'LISTA DE PRECIOS'!$I$16:$I$1318,0)),"") | C56: =IFERROR(INDEX('LISTA DE PRECIOS'!C$16:C$1318,MATCH(41,'LISTA DE PRECIOS'!$I$16:$I$1318,0)),"") | D56: =IFERROR(INDEX('LISTA DE PRECIOS'!D$16:D$1318,MATCH(41,'LISTA DE PRECIOS'!$I$16:$I$1318,0)),"") | E56: =IFERROR(INDEX('LISTA DE PRECIOS'!E$16:E$1318,MATCH(41,'LISTA DE PRECIOS'!$I$16:$I$1318,0)),"") | F56: =IFERROR(INDEX('LISTA DE PRECIOS'!F$16:F$1318,MATCH(41,'LISTA DE PRECIOS'!$I$16:$I$1318,0)),"") | G56: =IFERROR(INDEX('LISTA DE PRECIOS'!G$16:G$1318,MATCH(41,'LISTA DE PRECIOS'!$I$16:$I$1318,0)),"") | H56: =IFERROR(INDEX('LISTA DE PRECIOS'!H$16:H$1318,MATCH(41,'LISTA DE PRECIOS'!$I$16:$I$1318,0)),"") | I56: =IF(OR(G56="",H56=""),"",G56*H56)
A57: =IFERROR(INDEX('LISTA DE PRECIOS'!A$16:A$1318,MATCH(42,'LISTA DE PRECIOS'!$I$16:$I$1318,0)),"") | B57: =IFERROR(INDEX('LISTA DE PRECIOS'!B$16:B$1318,MATCH(42,'LISTA DE PRECIOS'!$I$16:$I$1318,0)),"") | C57: =IFERROR(INDEX('LISTA DE PRECIOS'!C$16:C$1318,MATCH(42,'LISTA DE PRECIOS'!$I$16:$I$1318,0)),"") | D57: =IFERROR(INDEX('LISTA DE PRECIOS'!D$16:D$1318,MATCH(42,'LISTA DE PRECIOS'!$I$16:$I$1318,0)),"") | E57: =IFERROR(INDEX('LISTA DE PRECIOS'!E$16:E$1318,MATCH(42,'LISTA DE PRECIOS'!$I$16:$I$1318,0)),"") | F57: =IFERROR(INDEX('LISTA DE PRECIOS'!F$16:F$1318,MATCH(42,'LISTA DE PRECIOS'!$I$16:$I$1318,0)),"") | G57: =IFERROR(INDEX('LISTA DE PRECIOS'!G$16:G$1318,MATCH(42,'LISTA DE PRECIOS'!$I$16:$I$1318,0)),"") | H57: =IFERROR(INDEX('LISTA DE PRECIOS'!H$16:H$1318,MATCH(42,'LISTA DE PRECIOS'!$I$16:$I$1318,0)),"") | I57: =IF(OR(G57="",H57=""),"",G57*H57)
A58: =IFERROR(INDEX('LISTA DE PRECIOS'!A$16:A$1318,MATCH(43,'LISTA DE PRECIOS'!$I$16:$I$1318,0)),"") | B58: =IFERROR(INDEX('LISTA DE PRECIOS'!B$16:B$1318,MATCH(43,'LISTA DE PRECIOS'!$I$16:$I$1318,0)),"") | C58: =IFERROR(INDEX('LISTA DE PRECIOS'!C$16:C$1318,MATCH(43,'LISTA DE PRECIOS'!$I$16:$I$1318,0)),"") | D58: =IFERROR(INDEX('LISTA DE PRECIOS'!D$16:D$1318,MATCH(43,'LISTA DE PRECIOS'!$I$16:$I$1318,0)),"") | E58: =IFERROR(INDEX('LISTA DE PRECIOS'!E$16:E$1318,MATCH(43,'LISTA DE PRECIOS'!$I$16:$I$1318,0)),"") | F58: =IFERROR(INDEX('LISTA DE PRECIOS'!F$16:F$1318,MATCH(43,'LISTA DE PRECIOS'!$I$16:$I$1318,0)),"") | G58: =IFERROR(INDEX('LISTA DE PRECIOS'!G$16:G$1318,MATCH(43,'LISTA DE PRECIOS'!$I$16:$I$1318,0)),"") | H58: =IFERROR(INDEX('LISTA DE PRECIOS'!H$16:H$1318,MATCH(43,'LISTA DE PRECIOS'!$I$16:$I$1318,0)),"") | I58: =IF(OR(G58="",H58=""),"",G58*H58)
A59: =IFERROR(INDEX('LISTA DE PRECIOS'!A$16:A$1318,MATCH(44,'LISTA DE PRECIOS'!$I$16:$I$1318,0)),"") | B59: =IFERROR(INDEX('LISTA DE PRECIOS'!B$16:B$1318,MATCH(44,'LISTA DE PRECIOS'!$I$16:$I$1318,0)),"") | C59: =IFERROR(INDEX('LISTA DE PRECIOS'!C$16:C$1318,MATCH(44,'LISTA DE PRECIOS'!$I$16:$I$1318,0)),"") | D59: =IFERROR(INDEX('LISTA DE PRECIOS'!D$16:D$1318,MATCH(44,'LISTA DE PRECIOS'!$I$16:$I$1318,0)),"") | E59: =IFERROR(INDEX('LISTA DE PRECIOS'!E$16:E$1318,MATCH(44,'LISTA DE PRECIOS'!$I$16:$I$1318,0)),"") | F59: =IFERROR(INDEX('LISTA DE PRECIOS'!F$16:F$1318,MATCH(44,'LISTA DE PRECIOS'!$I$16:$I$1318,0)),"") | G59: =IFERROR(INDEX('LISTA DE PRECIOS'!G$16:G$1318,MATCH(44,'LISTA DE PRECIOS'!$I$16:$I$1318,0)),"") | H59: =IFERROR(INDEX('LISTA DE PRECIOS'!H$16:H$1318,MATCH(44,'LISTA DE PRECIOS'!$I$16:$I$1318,0)),"") | I59: =IF(OR(G59="",H59=""),"",G59*H59)
A60: =IFERROR(INDEX('LISTA DE PRECIOS'!A$16:A$1318,MATCH(45,'LISTA DE PRECIOS'!$I$16:$I$1318,0)),"") | B60: =IFERROR(INDEX('LISTA DE PRECIOS'!B$16:B$1318,MATCH(45,'LISTA DE PRECIOS'!$I$16:$I$1318,0)),"") | C60: =IFERROR(INDEX('LISTA DE PRECIOS'!C$16:C$1318,MATCH(45,'LISTA DE PRECIOS'!$I$16:$I$1318,0)),"") | D60: =IFERROR(INDEX('LISTA DE PRECIOS'!D$16:D$1318,MATCH(45,'LISTA DE PRECIOS'!$I$16:$I$1318,0)),"") | E60: =IFERROR(INDEX('LISTA DE PRECIOS'!E$16:E$1318,MATCH(45,'LISTA DE PRECIOS'!$I$16:$I$1318,0)),"") | F60: =IFERROR(INDEX('LISTA DE PRECIOS'!F$16:F$1318,MATCH(45,'LISTA DE PRECIOS'!$I$16:$I$1318,0)),"") | G60: =IFERROR(INDEX('LISTA DE PRECIOS'!G$16:G$1318,MATCH(45,'LISTA DE PRECIOS'!$I$16:$I$1318,0)),"") | H60: =IFERROR(INDEX('LISTA DE PRECIOS'!H$16:H$1318,MATCH(45,'LISTA DE PRECIOS'!$I$16:$I$1318,0)),"") | I60: =IF(OR(G60="",H60=""),"",G60*H60)
A61: =IFERROR(INDEX('LISTA DE PRECIOS'!A$16:A$1318,MATCH(46,'LISTA DE PRECIOS'!$I$16:$I$1318,0)),"") | B61: =IFERROR(INDEX('LISTA DE PRECIOS'!B$16:B$1318,MATCH(46,'LISTA DE PRECIOS'!$I$16:$I$1318,0)),"") | C61: =IFERROR(INDEX('LISTA DE PRECIOS'!C$16:C$1318,MATCH(46,'LISTA DE PRECIOS'!$I$16:$I$1318,0)),"") | D61: =IFERROR(INDEX('LISTA DE PRECIOS'!D$16:D$1318,MATCH(46,'LISTA DE PRECIOS'!$I$16:$I$1318,0)),"") | E61: =IFERROR(INDEX('LISTA DE PRECIOS'!E$16:E$1318,MATCH(46,'LISTA DE PRECIOS'!$I$16:$I$1318,0)),"") | F61: =IFERROR(INDEX('LISTA DE PRECIOS'!F$16:F$1318,MATCH(46,'LISTA DE PRECIOS'!$I$16:$I$1318,0)),"") | G61: =IFERROR(INDEX('LISTA DE PRECIOS'!G$16:G$1318,MATCH(46,'LISTA DE PRECIOS'!$I$16:$I$1318,0)),"") | H61: =IFERROR(INDEX('LISTA DE PRECIOS'!H$16:H$1318,MATCH(46,'LISTA DE PRECIOS'!$I$16:$I$1318,0)),"") | I61: =IF(OR(G61="",H61=""),"",G61*H61)
A62: =IFERROR(INDEX('LISTA DE PRECIOS'!A$16:A$1318,MATCH(47,'LISTA DE PRECIOS'!$I$16:$I$1318,0)),"") | B62: =IFERROR(INDEX('LISTA DE PRECIOS'!B$16:B$1318,MATCH(47,'LISTA DE PRECIOS'!$I$16:$I$1318,0)),"") | C62: =IFERROR(INDEX('LISTA DE PRECIOS'!C$16:C$1318,MATCH(47,'LISTA DE PRECIOS'!$I$16:$I$1318,0)),"") | D62: =IFERROR(INDEX('LISTA DE PRECIOS'!D$16:D$1318,MATCH(47,'LISTA DE PRECIOS'!$I$16:$I$1318,0)),"") | E62: =IFERROR(INDEX('LISTA DE PRECIOS'!E$16:E$1318,MATCH(47,'LISTA DE PRECIOS'!$I$16:$I$1318,0)),"") | F62: =IFERROR(INDEX('LISTA DE PRECIOS'!F$16:F$1318,MATCH(47,'LISTA DE PRECIOS'!$I$16:$I$1318,0)),"") | G62: =IFERROR(INDEX('LISTA DE PRECIOS'!G$16:G$1318,MATCH(47,'LISTA DE PRECIOS'!$I$16:$I$1318,0)),"") | H62: =IFERROR(INDEX('LISTA DE PRECIOS'!H$16:H$1318,MATCH(47,'LISTA DE PRECIOS'!$I$16:$I$1318,0)),"") | I62: =IF(OR(G62="",H62=""),"",G62*H62)
A63: =IFERROR(INDEX('LISTA DE PRECIOS'!A$16:A$1318,MATCH(48,'LISTA DE PRECIOS'!$I$16:$I$1318,0)),"") | B63: =IFERROR(INDEX('LISTA DE PRECIOS'!B$16:B$1318,MATCH(48,'LISTA DE PRECIOS'!$I$16:$I$1318,0)),"") | C63: =IFERROR(INDEX('LISTA DE PRECIOS'!C$16:C$1318,MATCH(48,'LISTA DE PRECIOS'!$I$16:$I$1318,0)),"") | D63: =IFERROR(INDEX('LISTA DE PRECIOS'!D$16:D$1318,MATCH(48,'LISTA DE PRECIOS'!$I$16:$I$1318,0)),"") | E63: =IFERROR(INDEX('LISTA DE PRECIOS'!E$16:E$1318,MATCH(48,'LISTA DE PRECIOS'!$I$16:$I$1318,0)),"") | F63: =IFERROR(INDEX('LISTA DE PRECIOS'!F$16:F$1318,MATCH(48,'LISTA DE PRECIOS'!$I$16:$I$1318,0)),"") | G63: =IFERROR(INDEX('LISTA DE PRECIOS'!G$16:G$1318,MATCH(48,'LISTA DE PRECIOS'!$I$16:$I$1318,0)),"") | H63: =IFERROR(INDEX('LISTA DE PRECIOS'!H$16:H$1318,MATCH(48,'LISTA DE PRECIOS'!$I$16:$I$1318,0)),"") | I63: =IF(OR(G63="",H63=""),"",G63*H63)
A64: =IFERROR(INDEX('LISTA DE PRECIOS'!A$16:A$1318,MATCH(49,'LISTA DE PRECIOS'!$I$16:$I$1318,0)),"") | B64: =IFERROR(INDEX('LISTA DE PRECIOS'!B$16:B$1318,MATCH(49,'LISTA DE PRECIOS'!$I$16:$I$1318,0)),"") | C64: =IFERROR(INDEX('LISTA DE PRECIOS'!C$16:C$1318,MATCH(49,'LISTA DE PRECIOS'!$I$16:$I$1318,0)),"") | D64: =IFERROR(INDEX('LISTA DE PRECIOS'!D$16:D$1318,MATCH(49,'LISTA DE PRECIOS'!$I$16:$I$1318,0)),"") | E64: =IFERROR(INDEX('LISTA DE PRECIOS'!E$16:E$1318,MATCH(49,'LISTA DE PRECIOS'!$I$16:$I$1318,0)),"") | F64: =IFERROR(INDEX('LISTA DE PRECIOS'!F$16:F$1318,MATCH(49,'LISTA DE PRECIOS'!$I$16:$I$1318,0)),"") | G64: =IFERROR(INDEX('LISTA DE PRECIOS'!G$16:G$1318,MATCH(49,'LISTA DE PRECIOS'!$I$16:$I$1318,0)),"") | H64: =IFERROR(INDEX('LISTA DE PRECIOS'!H$16:H$1318,MATCH(49,'LISTA DE PRECIOS'!$I$16:$I$1318,0)),"") | I64: =IF(OR(G64="",H64=""),"",G64*H64)
A65: =IFERROR(INDEX('LISTA DE PRECIOS'!A$16:A$1318,MATCH(50,'LISTA DE PRECIOS'!$I$16:$I$1318,0)),"") | B65: =IFERROR(INDEX('LISTA DE PRECIOS'!B$16:B$1318,MATCH(50,'LISTA DE PRECIOS'!$I$16:$I$1318,0)),"") | C65: =IFERROR(INDEX('LISTA DE PRECIOS'!C$16:C$1318,MATCH(50,'LISTA DE PRECIOS'!$I$16:$I$1318,0)),"") | D65: =IFERROR(INDEX('LISTA DE PRECIOS'!D$16:D$1318,MATCH(50,'LISTA DE PRECIOS'!$I$16:$I$1318,0)),"") | E65: =IFERROR(INDEX('LISTA DE PRECIOS'!E$16:E$1318,MATCH(50,'LISTA DE PRECIOS'!$I$16:$I$1318,0)),"") | F65: =IFERROR(INDEX('LISTA DE PRECIOS'!F$16:F$1318,MATCH(50,'LISTA DE PRECIOS'!$I$16:$I$1318,0)),"") | G65: =IFERROR(INDEX('LISTA DE PRECIOS'!G$16:G$1318,MATCH(50,'LISTA DE PRECIOS'!$I$16:$I$1318,0)),"") | H65: =IFERROR(INDEX('LISTA DE PRECIOS'!H$16:H$1318,MATCH(50,'LISTA DE PRECIOS'!$I$16:$I$1318,0)),"") | I65: =IF(OR(G65="",H65=""),"",G65*H65)
A66: =IFERROR(INDEX('LISTA DE PRECIOS'!A$16:A$1318,MATCH(51,'LISTA DE PRECIOS'!$I$16:$I$1318,0)),"") | B66: =IFERROR(INDEX('LISTA DE PRECIOS'!B$16:B$1318,MATCH(51,'LISTA DE PRECIOS'!$I$16:$I$1318,0)),"") | C66: =IFERROR(INDEX('LISTA DE PRECIOS'!C$16:C$1318,MATCH(51,'LISTA DE PRECIOS'!$I$16:$I$1318,0)),"") | D66: =IFERROR(INDEX('LISTA DE PRECIOS'!D$16:D$1318,MATCH(51,'LISTA DE PRECIOS'!$I$16:$I$1318,0)),"") | E66: =IFERROR(INDEX('LISTA DE PRECIOS'!E$16:E$1318,MATCH(51,'LISTA DE PRECIOS'!$I$16:$I$1318,0)),"") | F66: =IFERROR(INDEX('LISTA DE PRECIOS'!F$16:F$1318,MATCH(51,'LISTA DE PRECIOS'!$I$16:$I$1318,0)),"") | G66: =IFERROR(INDEX('LISTA DE PRECIOS'!G$16:G$1318,MATCH(51,'LISTA DE PRECIOS'!$I$16:$I$1318,0)),"") | H66: =IFERROR(INDEX('LISTA DE PRECIOS'!H$16:H$1318,MATCH(51,'LISTA DE PRECIOS'!$I$16:$I$1318,0)),"") | I66: =IF(OR(G66="",H66=""),"",G66*H66)
A67: =IFERROR(INDEX('LISTA DE PRECIOS'!A$16:A$1318,MATCH(52,'LISTA DE PRECIOS'!$I$16:$I$1318,0)),"") | B67: =IFERROR(INDEX('LISTA DE PRECIOS'!B$16:B$1318,MATCH(52,'LISTA DE PRECIOS'!$I$16:$I$1318,0)),"") | C67: =IFERROR(INDEX('LISTA DE PRECIOS'!C$16:C$1318,MATCH(52,'LISTA DE PRECIOS'!$I$16:$I$1318,0)),"") | D67: =IFERROR(INDEX('LISTA DE PRECIOS'!D$16:D$1318,MATCH(52,'LISTA DE PRECIOS'!$I$16:$I$1318,0)),"") | E67: =IFERROR(INDEX('LISTA DE PRECIOS'!E$16:E$1318,MATCH(52,'LISTA DE PRECIOS'!$I$16:$I$1318,0)),"") | F67: =IFERROR(INDEX('LISTA DE PRECIOS'!F$16:F$1318,MATCH(52,'LISTA DE PRECIOS'!$I$16:$I$1318,0)),"") | G67: =IFERROR(INDEX('LISTA DE PRECIOS'!G$16:G$1318,MATCH(52,'LISTA DE PRECIOS'!$I$16:$I$1318,0)),"") | H67: =IFERROR(INDEX('LISTA DE PRECIOS'!H$16:H$1318,MATCH(52,'LISTA DE PRECIOS'!$I$16:$I$1318,0)),"") | I67: =IF(OR(G67="",H67=""),"",G67*H67)
A68: =IFERROR(INDEX('LISTA DE PRECIOS'!A$16:A$1318,MATCH(53,'LISTA DE PRECIOS'!$I$16:$I$1318,0)),"") | B68: =IFERROR(INDEX('LISTA DE PRECIOS'!B$16:B$1318,MATCH(53,'LISTA DE PRECIOS'!$I$16:$I$1318,0)),"") | C68: =IFERROR(INDEX('LISTA DE PRECIOS'!C$16:C$1318,MATCH(53,'LISTA DE PRECIOS'!$I$16:$I$1318,0)),"") | D68: =IFERROR(INDEX('LISTA DE PRECIOS'!D$16:D$1318,MATCH(53,'LISTA DE PRECIOS'!$I$16:$I$1318,0)),"") | E68: =IFERROR(INDEX('LISTA DE PRECIOS'!E$16:E$1318,MATCH(53,'LISTA DE PRECIOS'!$I$16:$I$1318,0)),"") | F68: =IFERROR(INDEX('LISTA DE PRECIOS'!F$16:F$1318,MATCH(53,'LISTA DE PRECIOS'!$I$16:$I$1318,0)),"") | G68: =IFERROR(INDEX('LISTA DE PRECIOS'!G$16:G$1318,MATCH(53,'LISTA DE PRECIOS'!$I$16:$I$1318,0)),"") | H68: =IFERROR(INDEX('LISTA DE PRECIOS'!H$16:H$1318,MATCH(53,'LISTA DE PRECIOS'!$I$16:$I$1318,0)),"") | I68: =IF(OR(G68="",H68=""),"",G68*H68)
A69: =IFERROR(INDEX('LISTA DE PRECIOS'!A$16:A$1318,MATCH(54,'LISTA DE PRECIOS'!$I$16:$I$1318,0)),"") | B69: =IFERROR(INDEX('LISTA DE PRECIOS'!B$16:B$1318,MATCH(54,'LISTA DE PRECIOS'!$I$16:$I$1318,0)),"") | C69: =IFERROR(INDEX('LISTA DE PRECIOS'!C$16:C$1318,MATCH(54,'LISTA DE PRECIOS'!$I$16:$I$1318,0)),"") | D69: =IFERROR(INDEX('LISTA DE PRECIOS'!D$16:D$1318,MATCH(54,'LISTA DE PRECIOS'!$I$16:$I$1318,0)),"") | E69: =IFERROR(INDEX('LISTA DE PRECIOS'!E$16:E$1318,MATCH(54,'LISTA DE PRECIOS'!$I$16:$I$1318,0)),"") | F69: =IFERROR(INDEX('LISTA DE PRECIOS'!F$16:F$1318,MATCH(54,'LISTA DE PRECIOS'!$I$16:$I$1318,0)),"") | G69: =IFERROR(INDEX('LISTA DE PRECIOS'!G$16:G$1318,MATCH(54,'LISTA DE PRECIOS'!$I$16:$I$1318,0)),"") | H69: =IFERROR(INDEX('LISTA DE PRECIOS'!H$16:H$1318,MATCH(54,'LISTA DE PRECIOS'!$I$16:$I$1318,0)),"") | I69: =IF(OR(G69="",H69=""),"",G69*H69)
A70: =IFERROR(INDEX('LISTA DE PRECIOS'!A$16:A$1318,MATCH(55,'LISTA DE PRECIOS'!$I$16:$I$1318,0)),"") | B70: =IFERROR(INDEX('LISTA DE PRECIOS'!B$16:B$1318,MATCH(55,'LISTA DE PRECIOS'!$I$16:$I$1318,0)),"") | C70: =IFERROR(INDEX('LISTA DE PRECIOS'!C$16:C$1318,MATCH(55,'LISTA DE PRECIOS'!$I$16:$I$1318,0)),"") | D70: =IFERROR(INDEX('LISTA DE PRECIOS'!D$16:D$1318,MATCH(55,'LISTA DE PRECIOS'!$I$16:$I$1318,0)),"") | E70: =IFERROR(INDEX('LISTA DE PRECIOS'!E$16:E$1318,MATCH(55,'LISTA DE PRECIOS'!$I$16:$I$1318,0)),"") | F70: =IFERROR(INDEX('LISTA DE PRECIOS'!F$16:F$1318,MATCH(55,'LISTA DE PRECIOS'!$I$16:$I$1318,0)),"") | G70: =IFERROR(INDEX('LISTA DE PRECIOS'!G$16:G$1318,MATCH(55,'LISTA DE PRECIOS'!$I$16:$I$1318,0)),"") | H70: =IFERROR(INDEX('LISTA DE PRECIOS'!H$16:H$1318,MATCH(55,'LISTA DE PRECIOS'!$I$16:$I$1318,0)),"") | I70: =IF(OR(G70="",H70=""),"",G70*H70)
A71: =IFERROR(INDEX('LISTA DE PRECIOS'!A$16:A$1318,MATCH(56,'LISTA DE PRECIOS'!$I$16:$I$1318,0)),"") | B71: =IFERROR(INDEX('LISTA DE PRECIOS'!B$16:B$1318,MATCH(56,'LISTA DE PRECIOS'!$I$16:$I$1318,0)),"") | C71: =IFERROR(INDEX('LISTA DE PRECIOS'!C$16:C$1318,MATCH(56,'LISTA DE PRECIOS'!$I$16:$I$1318,0)),"") | D71: =IFERROR(INDEX('LISTA DE PRECIOS'!D$16:D$1318,MATCH(56,'LISTA DE PRECIOS'!$I$16:$I$1318,0)),"") | E71: =IFERROR(INDEX('LISTA DE PRECIOS'!E$16:E$1318,MATCH(56,'LISTA DE PRECIOS'!$I$16:$I$1318,0)),"") | F71: =IFERROR(INDEX('LISTA DE PRECIOS'!F$16:F$1318,MATCH(56,'LISTA DE PRECIOS'!$I$16:$I$1318,0)),"") | G71: =IFERROR(INDEX('LISTA DE PRECIOS'!G$16:G$1318,MATCH(56,'LISTA DE PRECIOS'!$I$16:$I$1318,0)),"") | H71: =IFERROR(INDEX('LISTA DE PRECIOS'!H$16:H$1318,MATCH(56,'LISTA DE PRECIOS'!$I$16:$I$1318,0)),"") | I71: =IF(OR(G71="",H71=""),"",G71*H71)
A72: =IFERROR(INDEX('LISTA DE PRECIOS'!A$16:A$1318,MATCH(57,'LISTA DE PRECIOS'!$I$16:$I$1318,0)),"") | B72: =IFERROR(INDEX('LISTA DE PRECIOS'!B$16:B$1318,MATCH(57,'LISTA DE PRECIOS'!$I$16:$I$1318,0)),"") | C72: =IFERROR(INDEX('LISTA DE PRECIOS'!C$16:C$1318,MATCH(57,'LISTA DE PRECIOS'!$I$16:$I$1318,0)),"") | D72: =IFERROR(INDEX('LISTA DE PRECIOS'!D$16:D$1318,MATCH(57,'LISTA DE PRECIOS'!$I$16:$I$1318,0)),"") | E72: =IFERROR(INDEX('LISTA DE PRECIOS'!E$16:E$1318,MATCH(57,'LISTA DE PRECIOS'!$I$16:$I$1318,0)),"") | F72: =IFERROR(INDEX('LISTA DE PRECIOS'!F$16:F$1318,MATCH(57,'LISTA DE PRECIOS'!$I$16:$I$1318,0)),"") | G72: =IFERROR(INDEX('LISTA DE PRECIOS'!G$16:G$1318,MATCH(57,'LISTA DE PRECIOS'!$I$16:$I$1318,0)),"") | H72: =IFERROR(INDEX('LISTA DE PRECIOS'!H$16:H$1318,MATCH(57,'LISTA DE PRECIOS'!$I$16:$I$1318,0)),"") | I72: =IF(OR(G72="",H72=""),"",G72*H72)
A73: =IFERROR(INDEX('LISTA DE PRECIOS'!A$16:A$1318,MATCH(58,'LISTA DE PRECIOS'!$I$16:$I$1318,0)),"") | B73: =IFERROR(INDEX('LISTA DE PRECIOS'!B$16:B$1318,MATCH(58,'LISTA DE PRECIOS'!$I$16:$I$1318,0)),"") | C73: =IFERROR(INDEX('LISTA DE PRECIOS'!C$16:C$1318,MATCH(58,'LISTA DE PRECIOS'!$I$16:$I$1318,0)),"") | D73: =IFERROR(INDEX('LISTA DE PRECIOS'!D$16:D$1318,MATCH(58,'LISTA DE PRECIOS'!$I$16:$I$1318,0)),"") | E73: =IFERROR(INDEX('LISTA DE PRECIOS'!E$16:E$1318,MATCH(58,'LISTA DE PRECIOS'!$I$16:$I$1318,0)),"") | F73: =IFERROR(INDEX('LISTA DE PRECIOS'!F$16:F$1318,MATCH(58,'LISTA DE PRECIOS'!$I$16:$I$1318,0)),"") | G73: =IFERROR(INDEX('LISTA DE PRECIOS'!G$16:G$1318,MATCH(58,'LISTA DE PRECIOS'!$I$16:$I$1318,0)),"") | H73: =IFERROR(INDEX('LISTA DE PRECIOS'!H$16:H$1318,MATCH(58,'LISTA DE PRECIOS'!$I$16:$I$1318,0)),"") | I73: =IF(OR(G73="",H73=""),"",G73*H73)
A74: =IFERROR(INDEX('LISTA DE PRECIOS'!A$16:A$1318,MATCH(59,'LISTA DE PRECIOS'!$I$16:$I$1318,0)),"") | B74: =IFERROR(INDEX('LISTA DE PRECIOS'!B$16:B$1318,MATCH(59,'LISTA DE PRECIOS'!$I$16:$I$1318,0)),"") | C74: =IFERROR(INDEX('LISTA DE PRECIOS'!C$16:C$1318,MATCH(59,'LISTA DE PRECIOS'!$I$16:$I$1318,0)),"") | D74: =IFERROR(INDEX('LISTA DE PRECIOS'!D$16:D$1318,MATCH(59,'LISTA DE PRECIOS'!$I$16:$I$1318,0)),"") | E74: =IFERROR(INDEX('LISTA DE PRECIOS'!E$16:E$1318,MATCH(59,'LISTA DE PRECIOS'!$I$16:$I$1318,0)),"") | F74: =IFERROR(INDEX('LISTA DE PRECIOS'!F$16:F$1318,MATCH(59,'LISTA DE PRECIOS'!$I$16:$I$1318,0)),"") | G74: =IFERROR(INDEX('LISTA DE PRECIOS'!G$16:G$1318,MATCH(59,'LISTA DE PRECIOS'!$I$16:$I$1318,0)),"") | H74: =IFERROR(INDEX('LISTA DE PRECIOS'!H$16:H$1318,MATCH(59,'LISTA DE PRECIOS'!$I$16:$I$1318,0)),"") | I74: =IF(OR(G74="",H74=""),"",G74*H74)
A75: =IFERROR(INDEX('LISTA DE PRECIOS'!A$16:A$1318,MATCH(60,'LISTA DE PRECIOS'!$I$16:$I$1318,0)),"") | B75: =IFERROR(INDEX('LISTA DE PRECIOS'!B$16:B$1318,MATCH(60,'LISTA DE PRECIOS'!$I$16:$I$1318,0)),"") | C75: =IFERROR(INDEX('LISTA DE PRECIOS'!C$16:C$1318,MATCH(60,'LISTA DE PRECIOS'!$I$16:$I$1318,0)),"") | D75: =IFERROR(INDEX('LISTA DE PRECIOS'!D$16:D$1318,MATCH(60,'LISTA DE PRECIOS'!$I$16:$I$1318,0)),"") | E75: =IFERROR(INDEX('LISTA DE PRECIOS'!E$16:E$1318,MATCH(60,'LISTA DE PRECIOS'!$I$16:$I$1318,0)),"") | F75: =IFERROR(INDEX('LISTA DE PRECIOS'!F$16:F$1318,MATCH(60,'LISTA DE PRECIOS'!$I$16:$I$1318,0)),"") | G75: =IFERROR(INDEX('LISTA DE PRECIOS'!G$16:G$1318,MATCH(60,'LISTA DE PRECIOS'!$I$16:$I$1318,0)),"") | H75: =IFERROR(INDEX('LISTA DE PRECIOS'!H$16:H$1318,MATCH(60,'LISTA DE PRECIOS'!$I$16:$I$1318,0)),"") | I75: =IF(OR(G75="",H75=""),"",G75*H75)
A76: =IFERROR(INDEX('LISTA DE PRECIOS'!A$16:A$1318,MATCH(61,'LISTA DE PRECIOS'!$I$16:$I$1318,0)),"") | B76: =IFERROR(INDEX('LISTA DE PRECIOS'!B$16:B$1318,MATCH(61,'LISTA DE PRECIOS'!$I$16:$I$1318,0)),"") | C76: =IFERROR(INDEX('LISTA DE PRECIOS'!C$16:C$1318,MATCH(61,'LISTA DE PRECIOS'!$I$16:$I$1318,0)),"") | D76: =IFERROR(INDEX('LISTA DE PRECIOS'!D$16:D$1318,MATCH(61,'LISTA DE PRECIOS'!$I$16:$I$1318,0)),"") | E76: =IFERROR(INDEX('LISTA DE PRECIOS'!E$16:E$1318,MATCH(61,'LISTA DE PRECIOS'!$I$16:$I$1318,0)),"") | F76: =IFERROR(INDEX('LISTA DE PRECIOS'!F$16:F$1318,MATCH(61,'LISTA DE PRECIOS'!$I$16:$I$1318,0)),"") | G76: =IFERROR(INDEX('LISTA DE PRECIOS'!G$16:G$1318,MATCH(61,'LISTA DE PRECIOS'!$I$16:$I$1318,0)),"") | H76: =IFERROR(INDEX('LISTA DE PRECIOS'!H$16:H$1318,MATCH(61,'LISTA DE PRECIOS'!$I$16:$I$1318,0)),"") | I76: =IF(OR(G76="",H76=""),"",G76*H76)
A77: =IFERROR(INDEX('LISTA DE PRECIOS'!A$16:A$1318,MATCH(62,'LISTA DE PRECIOS'!$I$16:$I$1318,0)),"") | B77: =IFERROR(INDEX('LISTA DE PRECIOS'!B$16:B$1318,MATCH(62,'LISTA DE PRECIOS'!$I$16:$I$1318,0)),"") | C77: =IFERROR(INDEX('LISTA DE PRECIOS'!C$16:C$1318,MATCH(62,'LISTA DE PRECIOS'!$I$16:$I$1318,0)),"") | D77: =IFERROR(INDEX('LISTA DE PRECIOS'!D$16:D$1318,MATCH(62,'LISTA DE PRECIOS'!$I$16:$I$1318,0)),"") | E77: =IFERROR(INDEX('LISTA DE PRECIOS'!E$16:E$1318,MATCH(62,'LISTA DE PRECIOS'!$I$16:$I$1318,0)),"") | F77: =IFERROR(INDEX('LISTA DE PRECIOS'!F$16:F$1318,MATCH(62,'LISTA DE PRECIOS'!$I$16:$I$1318,0)),"") | G77: =IFERROR(INDEX('LISTA DE PRECIOS'!G$16:G$1318,MATCH(62,'LISTA DE PRECIOS'!$I$16:$I$1318,0)),"") | H77: =IFERROR(INDEX('LISTA DE PRECIOS'!H$16:H$1318,MATCH(62,'LISTA DE PRECIOS'!$I$16:$I$1318,0)),"") | I77: =IF(OR(G77="",H77=""),"",G77*H77)
A78: =IFERROR(INDEX('LISTA DE PRECIOS'!A$16:A$1318,MATCH(63,'LISTA DE PRECIOS'!$I$16:$I$1318,0)),"") | B78: =IFERROR(INDEX('LISTA DE PRECIOS'!B$16:B$1318,MATCH(63,'LISTA DE PRECIOS'!$I$16:$I$1318,0)),"") | C78: =IFERROR(INDEX('LISTA DE PRECIOS'!C$16:C$1318,MATCH(63,'LISTA DE PRECIOS'!$I$16:$I$1318,0)),"") | D78: =IFERROR(INDEX('LISTA DE PRECIOS'!D$16:D$1318,MATCH(63,'LISTA DE PRECIOS'!$I$16:$I$1318,0)),"") | E78: =IFERROR(INDEX('LISTA DE PRECIOS'!E$16:E$1318,MATCH(63,'LISTA DE PRECIOS'!$I$16:$I$1318,0)),"") | F78: =IFERROR(INDEX('LISTA DE PRECIOS'!F$16:F$1318,MATCH(63,'LISTA DE PRECIOS'!$I$16:$I$1318,0)),"") | G78: =IFERROR(INDEX('LISTA DE PRECIOS'!G$16:G$1318,MATCH(63,'LISTA DE PRECIOS'!$I$16:$I$1318,0)),"") | H78: =IFERROR(INDEX('LISTA DE PRECIOS'!H$16:H$1318,MATCH(63,'LISTA DE PRECIOS'!$I$16:$I$1318,0)),"") | I78: =IF(OR(G78="",H78=""),"",G78*H78)
A79: =IFERROR(INDEX('LISTA DE PRECIOS'!A$16:A$1318,MATCH(64,'LISTA DE PRECIOS'!$I$16:$I$1318,0)),"") | B79: =IFERROR(INDEX('LISTA DE PRECIOS'!B$16:B$1318,MATCH(64,'LISTA DE PRECIOS'!$I$16:$I$1318,0)),"") | C79: =IFERROR(INDEX('LISTA DE PRECIOS'!C$16:C$1318,MATCH(64,'LISTA DE PRECIOS'!$I$16:$I$1318,0)),"") | D79: =IFERROR(INDEX('LISTA DE PRECIOS'!D$16:D$1318,MATCH(64,'LISTA DE PRECIOS'!$I$16:$I$1318,0)),"") | E79: =IFERROR(INDEX('LISTA DE PRECIOS'!E$16:E$1318,MATCH(64,'LISTA DE PRECIOS'!$I$16:$I$1318,0)),"") | F79: =IFERROR(INDEX('LISTA DE PRECIOS'!F$16:F$1318,MATCH(64,'LISTA DE PRECIOS'!$I$16:$I$1318,0)),"") | G79: =IFERROR(INDEX('LISTA DE PRECIOS'!G$16:G$1318,MATCH(64,'LISTA DE PRECIOS'!$I$16:$I$1318,0)),"") | H79: =IFERROR(INDEX('LISTA DE PRECIOS'!H$16:H$1318,MATCH(64,'LISTA DE PRECIOS'!$I$16:$I$1318,0)),"") | I79: =IF(OR(G79="",H79=""),"",G79*H79)
A80: =IFERROR(INDEX('LISTA DE PRECIOS'!A$16:A$1318,MATCH(65,'LISTA DE PRECIOS'!$I$16:$I$1318,0)),"") | B80: =IFERROR(INDEX('LISTA DE PRECIOS'!B$16:B$1318,MATCH(65,'LISTA DE PRECIOS'!$I$16:$I$1318,0)),"") | C80: =IFERROR(INDEX('LISTA DE PRECIOS'!C$16:C$1318,MATCH(65,'LISTA DE PRECIOS'!$I$16:$I$1318,0)),"") | D80: =IFERROR(INDEX('LISTA DE PRECIOS'!D$16:D$1318,MATCH(65,'LISTA DE PRECIOS'!$I$16:$I$1318,0)),"") | E80: =IFERROR(INDEX('LISTA DE PRECIOS'!E$16:E$1318,MATCH(65,'LISTA DE PRECIOS'!$I$16:$I$1318,0)),"") | F80: =IFERROR(INDEX('LISTA DE PRECIOS'!F$16:F$1318,MATCH(65,'LISTA DE PRECIOS'!$I$16:$I$1318,0)),"") | G80: =IFERROR(INDEX('LISTA DE PRECIOS'!G$16:G$1318,MATCH(65,'LISTA DE PRECIOS'!$I$16:$I$1318,0)),"") | H80: =IFERROR(INDEX('LISTA DE PRECIOS'!H$16:H$1318,MATCH(65,'LISTA DE PRECIOS'!$I$16:$I$1318,0)),"") | I80: =IF(OR(G80="",H80=""),"",G80*H80)
A81: =IFERROR(INDEX('LISTA DE PRECIOS'!A$16:A$1318,MATCH(66,'LISTA DE PRECIOS'!$I$16:$I$1318,0)),"") | B81: =IFERROR(INDEX('LISTA DE PRECIOS'!B$16:B$1318,MATCH(66,'LISTA DE PRECIOS'!$I$16:$I$1318,0)),"") | C81: =IFERROR(INDEX('LISTA DE PRECIOS'!C$16:C$1318,MATCH(66,'LISTA DE PRECIOS'!$I$16:$I$1318,0)),"") | D81: =IFERROR(INDEX('LISTA DE PRECIOS'!D$16:D$1318,MATCH(66,'LISTA DE PRECIOS'!$I$16:$I$1318,0)),"") | E81: =IFERROR(INDEX('LISTA DE PRECIOS'!E$16:E$1318,MATCH(66,'LISTA DE PRECIOS'!$I$16:$I$1318,0)),"") | F81: =IFERROR(INDEX('LISTA DE PRECIOS'!F$16:F$1318,MATCH(66,'LISTA DE PRECIOS'!$I$16:$I$1318,0)),"") | G81: =IFERROR(INDEX('LISTA DE PRECIOS'!G$16:G$1318,MATCH(66,'LISTA DE PRECIOS'!$I$16:$I$1318,0)),"") | H81: =IFERROR(INDEX('LISTA DE PRECIOS'!H$16:H$1318,MATCH(66,'LISTA DE PRECIOS'!$I$16:$I$1318,0)),"") | I81: =IF(OR(G81="",H81=""),"",G81*H81)
A82: =IFERROR(INDEX('LISTA DE PRECIOS'!A$16:A$1318,MATCH(67,'LISTA DE PRECIOS'!$I$16:$I$1318,0)),"") | B82: =IFERROR(INDEX('LISTA DE PRECIOS'!B$16:B$1318,MATCH(67,'LISTA DE PRECIOS'!$I$16:$I$1318,0)),"") | C82: =IFERROR(INDEX('LISTA DE PRECIOS'!C$16:C$1318,MATCH(67,'LISTA DE PRECIOS'!$I$16:$I$1318,0)),"") | D82: =IFERROR(INDEX('LISTA DE PRECIOS'!D$16:D$1318,MATCH(67,'LISTA DE PRECIOS'!$I$16:$I$1318,0)),"") | E82: =IFERROR(INDEX('LISTA DE PRECIOS'!E$16:E$1318,MATCH(67,'LISTA DE PRECIOS'!$I$16:$I$1318,0)),"") | F82: =IFERROR(INDEX('LISTA DE PRECIOS'!F$16:F$1318,MATCH(67,'LISTA DE PRECIOS'!$I$16:$I$1318,0)),"") | G82: =IFERROR(INDEX('LISTA DE PRECIOS'!G$16:G$1318,MATCH(67,'LISTA DE PRECIOS'!$I$16:$I$1318,0)),"") | H82: =IFERROR(INDEX('LISTA DE PRECIOS'!H$16:H$1318,MATCH(67,'LISTA DE PRECIOS'!$I$16:$I$1318,0)),"") | I82: =IF(OR(G82="",H82=""),"",G82*H82)
A83: =IFERROR(INDEX('LISTA DE PRECIOS'!A$16:A$1318,MATCH(68,'LISTA DE PRECIOS'!$I$16:$I$1318,0)),"") | B83: =IFERROR(INDEX('LISTA DE PRECIOS'!B$16:B$1318,MATCH(68,'LISTA DE PRECIOS'!$I$16:$I$1318,0)),"") | C83: =IFERROR(INDEX('LISTA DE PRECIOS'!C$16:C$1318,MATCH(68,'LISTA DE PRECIOS'!$I$16:$I$1318,0)),"") | D83: =IFERROR(INDEX('LISTA DE PRECIOS'!D$16:D$1318,MATCH(68,'LISTA DE PRECIOS'!$I$16:$I$1318,0)),"") | E83: =IFERROR(INDEX('LISTA DE PRECIOS'!E$16:E$1318,MATCH(68,'LISTA DE PRECIOS'!$I$16:$I$1318,0)),"") | F83: =IFERROR(INDEX('LISTA DE PRECIOS'!F$16:F$1318,MATCH(68,'LISTA DE PRECIOS'!$I$16:$I$1318,0)),"") | G83: =IFERROR(INDEX('LISTA DE PRECIOS'!G$16:G$1318,MATCH(68,'LISTA DE PRECIOS'!$I$16:$I$1318,0)),"") | H83: =IFERROR(INDEX('LISTA DE PRECIOS'!H$16:H$1318,MATCH(68,'LISTA DE PRECIOS'!$I$16:$I$1318,0)),"") | I83: =IF(OR(G83="",H83=""),"",G83*H83)
A84: =IFERROR(INDEX('LISTA DE PRECIOS'!A$16:A$1318,MATCH(69,'LISTA DE PRECIOS'!$I$16:$I$1318,0)),"") | B84: =IFERROR(INDEX('LISTA DE PRECIOS'!B$16:B$1318,MATCH(69,'LISTA DE PRECIOS'!$I$16:$I$1318,0)),"") | C84: =IFERROR(INDEX('LISTA DE PRECIOS'!C$16:C$1318,MATCH(69,'LISTA DE PRECIOS'!$I$16:$I$1318,0)),"") | D84: =IFERROR(INDEX('LISTA DE PRECIOS'!D$16:D$1318,MATCH(69,'LISTA DE PRECIOS'!$I$16:$I$1318,0)),"") | E84: =IFERROR(INDEX('LISTA DE PRECIOS'!E$16:E$1318,MATCH(69,'LISTA DE PRECIOS'!$I$16:$I$1318,0)),"") | F84: =IFERROR(INDEX('LISTA DE PRECIOS'!F$16:F$1318,MATCH(69,'LISTA DE PRECIOS'!$I$16:$I$1318,0)),"") | G84: =IFERROR(INDEX('LISTA DE PRECIOS'!G$16:G$1318,MATCH(69,'LISTA DE PRECIOS'!$I$16:$I$1318,0)),"") | H84: =IFERROR(INDEX('LISTA DE PRECIOS'!H$16:H$1318,MATCH(69,'LISTA DE PRECIOS'!$I$16:$I$1318,0)),"") | I84: =IF(OR(G84="",H84=""),"",G84*H84)
A85: =IFERROR(INDEX('LISTA DE PRECIOS'!A$16:A$1318,MATCH(70,'LISTA DE PRECIOS'!$I$16:$I$1318,0)),"") | B85: =IFERROR(INDEX('LISTA DE PRECIOS'!B$16:B$1318,MATCH(70,'LISTA DE PRECIOS'!$I$16:$I$1318,0)),"") | C85: =IFERROR(INDEX('LISTA DE PRECIOS'!C$16:C$1318,MATCH(70,'LISTA DE PRECIOS'!$I$16:$I$1318,0)),"") | D85: =IFERROR(INDEX('LISTA DE PRECIOS'!D$16:D$1318,MATCH(70,'LISTA DE PRECIOS'!$I$16:$I$1318,0)),"") | E85: =IFERROR(INDEX('LISTA DE PRECIOS'!E$16:E$1318,MATCH(70,'LISTA DE PRECIOS'!$I$16:$I$1318,0)),"") | F85: =IFERROR(INDEX('LISTA DE PRECIOS'!F$16:F$1318,MATCH(70,'LISTA DE PRECIOS'!$I$16:$I$1318,0)),"") | G85: =IFERROR(INDEX('LISTA DE PRECIOS'!G$16:G$1318,MATCH(70,'LISTA DE PRECIOS'!$I$16:$I$1318,0)),"") | H85: =IFERROR(INDEX('LISTA DE PRECIOS'!H$16:H$1318,MATCH(70,'LISTA DE PRECIOS'!$I$16:$I$1318,0)),"") | I85: =IF(OR(G85="",H85=""),"",G85*H85)
A86: =IFERROR(INDEX('LISTA DE PRECIOS'!A$16:A$1318,MATCH(71,'LISTA DE PRECIOS'!$I$16:$I$1318,0)),"") | B86: =IFERROR(INDEX('LISTA DE PRECIOS'!B$16:B$1318,MATCH(71,'LISTA DE PRECIOS'!$I$16:$I$1318,0)),"") | C86: =IFERROR(INDEX('LISTA DE PRECIOS'!C$16:C$1318,MATCH(71,'LISTA DE PRECIOS'!$I$16:$I$1318,0)),"") | D86: =IFERROR(INDEX('LISTA DE PRECIOS'!D$16:D$1318,MATCH(71,'LISTA DE PRECIOS'!$I$16:$I$1318,0)),"") | E86: =IFERROR(INDEX('LISTA DE PRECIOS'!E$16:E$1318,MATCH(71,'LISTA DE PRECIOS'!$I$16:$I$1318,0)),"") | F86: =IFERROR(INDEX('LISTA DE PRECIOS'!F$16:F$1318,MATCH(71,'LISTA DE PRECIOS'!$I$16:$I$1318,0)),"") | G86: =IFERROR(INDEX('LISTA DE PRECIOS'!G$16:G$1318,MATCH(71,'LISTA DE PRECIOS'!$I$16:$I$1318,0)),"") | H86: =IFERROR(INDEX('LISTA DE PRECIOS'!H$16:H$1318,MATCH(71,'LISTA DE PRECIOS'!$I$16:$I$1318,0)),"") | I86: =IF(OR(G86="",H86=""),"",G86*H86)
A87: =IFERROR(INDEX('LISTA DE PRECIOS'!A$16:A$1318,MATCH(72,'LISTA DE PRECIOS'!$I$16:$I$1318,0)),"") | B87: =IFERROR(INDEX('LISTA DE PRECIOS'!B$16:B$1318,MATCH(72,'LISTA DE PRECIOS'!$I$16:$I$1318,0)),"") | C87: =IFERROR(INDEX('LISTA DE PRECIOS'!C$16:C$1318,MATCH(72,'LISTA DE PRECIOS'!$I$16:$I$1318,0)),"") | D87: =IFERROR(INDEX('LISTA DE PRECIOS'!D$16:D$1318,MATCH(72,'LISTA DE PRECIOS'!$I$16:$I$1318,0)),"") | E87: =IFERROR(INDEX('LISTA DE PRECIOS'!E$16:E$1318,MATCH(72,'LISTA DE PRECIOS'!$I$16:$I$1318,0)),"") | F87: =IFERROR(INDEX('LISTA DE PRECIOS'!F$16:F$1318,MATCH(72,'LISTA DE PRECIOS'!$I$16:$I$1318,0)),"") | G87: =IFERROR(INDEX('LISTA DE PRECIOS'!G$16:G$1318,MATCH(72,'LISTA DE PRECIOS'!$I$16:$I$1318,0)),"") | H87: =IFERROR(INDEX('LISTA DE PRECIOS'!H$16:H$1318,MATCH(72,'LISTA DE PRECIOS'!$I$16:$I$1318,0)),"") | I87: =IF(OR(G87="",H87=""),"",G87*H87)
A88: =IFERROR(INDEX('LISTA DE PRECIOS'!A$16:A$1318,MATCH(73,'LISTA DE PRECIOS'!$I$16:$I$1318,0)),"") | B88: =IFERROR(INDEX('LISTA DE PRECIOS'!B$16:B$1318,MATCH(73,'LISTA DE PRECIOS'!$I$16:$I$1318,0)),"") | C88: =IFERROR(INDEX('LISTA DE PRECIOS'!C$16:C$1318,MATCH(73,'LISTA DE PRECIOS'!$I$16:$I$1318,0)),"") | D88: =IFERROR(INDEX('LISTA DE PRECIOS'!D$16:D$1318,MATCH(73,'LISTA DE PRECIOS'!$I$16:$I$1318,0)),"") | E88: =IFERROR(INDEX('LISTA DE PRECIOS'!E$16:E$1318,MATCH(73,'LISTA DE PRECIOS'!$I$16:$I$1318,0)),"") | F88: =IFERROR(INDEX('LISTA DE PRECIOS'!F$16:F$1318,MATCH(73,'LISTA DE PRECIOS'!$I$16:$I$1318,0)),"") | G88: =IFERROR(INDEX('LISTA DE PRECIOS'!G$16:G$1318,MATCH(73,'LISTA DE PRECIOS'!$I$16:$I$1318,0)),"") | H88: =IFERROR(INDEX('LISTA DE PRECIOS'!H$16:H$1318,MATCH(73,'LISTA DE PRECIOS'!$I$16:$I$1318,0)),"") | I88: =IF(OR(G88="",H88=""),"",G88*H88)
A89: =IFERROR(INDEX('LISTA DE PRECIOS'!A$16:A$1318,MATCH(74,'LISTA DE PRECIOS'!$I$16:$I$1318,0)),"") | B89: =IFERROR(INDEX('LISTA DE PRECIOS'!B$16:B$1318,MATCH(74,'LISTA DE PRECIOS'!$I$16:$I$1318,0)),"") | C89: =IFERROR(INDEX('LISTA DE PRECIOS'!C$16:C$1318,MATCH(74,'LISTA DE PRECIOS'!$I$16:$I$1318,0)),"") | D89: =IFERROR(INDEX('LISTA DE PRECIOS'!D$16:D$1318,MATCH(74,'LISTA DE PRECIOS'!$I$16:$I$1318,0)),"") | E89: =IFERROR(INDEX('LISTA DE PRECIOS'!E$16:E$1318,MATCH(74,'LISTA DE PRECIOS'!$I$16:$I$1318,0)),"") | F89: =IFERROR(INDEX('LISTA DE PRECIOS'!F$16:F$1318,MATCH(74,'LISTA DE PRECIOS'!$I$16:$I$1318,0)),"") | G89: =IFERROR(INDEX('LISTA DE PRECIOS'!G$16:G$1318,MATCH(74,'LISTA DE PRECIOS'!$I$16:$I$1318,0)),"") | H89: =IFERROR(INDEX('LISTA DE PRECIOS'!H$16:H$1318,MATCH(74,'LISTA DE PRECIOS'!$I$16:$I$1318,0)),"") | I89: =IF(OR(G89="",H89=""),"",G89*H89)
A90: =IFERROR(INDEX('LISTA DE PRECIOS'!A$16:A$1318,MATCH(75,'LISTA DE PRECIOS'!$I$16:$I$1318,0)),"") | B90: =IFERROR(INDEX('LISTA DE PRECIOS'!B$16:B$1318,MATCH(75,'LISTA DE PRECIOS'!$I$16:$I$1318,0)),"") | C90: =IFERROR(INDEX('LISTA DE PRECIOS'!C$16:C$1318,MATCH(75,'LISTA DE PRECIOS'!$I$16:$I$1318,0)),"") | D90: =IFERROR(INDEX('LISTA DE PRECIOS'!D$16:D$1318,MATCH(75,'LISTA DE PRECIOS'!$I$16:$I$1318,0)),"") | E90: =IFERROR(INDEX('LISTA DE PRECIOS'!E$16:E$1318,MATCH(75,'LISTA DE PRECIOS'!$I$16:$I$1318,0)),"") | F90: =IFERROR(INDEX('LISTA DE PRECIOS'!F$16:F$1318,MATCH(75,'LISTA DE PRECIOS'!$I$16:$I$1318,0)),"") | G90: =IFERROR(INDEX('LISTA DE PRECIOS'!G$16:G$1318,MATCH(75,'LISTA DE PRECIOS'!$I$16:$I$1318,0)),"") | H90: =IFERROR(INDEX('LISTA DE PRECIOS'!H$16:H$1318,MATCH(75,'LISTA DE PRECIOS'!$I$16:$I$1318,0)),"") | I90: =IF(OR(G90="",H90=""),"",G90*H90)
A91: =IFERROR(INDEX('LISTA DE PRECIOS'!A$16:A$1318,MATCH(76,'LISTA DE PRECIOS'!$I$16:$I$1318,0)),"") | B91: =IFERROR(INDEX('LISTA DE PRECIOS'!B$16:B$1318,MATCH(76,'LISTA DE PRECIOS'!$I$16:$I$1318,0)),"") | C91: =IFERROR(INDEX('LISTA DE PRECIOS'!C$16:C$1318,MATCH(76,'LISTA DE PRECIOS'!$I$16:$I$1318,0)),"") | D91: =IFERROR(INDEX('LISTA DE PRECIOS'!D$16:D$1318,MATCH(76,'LISTA DE PRECIOS'!$I$16:$I$1318,0)),"") | E91: =IFERROR(INDEX('LISTA DE PRECIOS'!E$16:E$1318,MATCH(76,'LISTA DE PRECIOS'!$I$16:$I$1318,0)),"") | F91: =IFERROR(INDEX('LISTA DE PRECIOS'!F$16:F$1318,MATCH(76,'LISTA DE PRECIOS'!$I$16:$I$1318,0)),"") | G91: =IFERROR(INDEX('LISTA DE PRECIOS'!G$16:G$1318,MATCH(76,'LISTA DE PRECIOS'!$I$16:$I$1318,0)),"") | H91: =IFERROR(INDEX('LISTA DE PRECIOS'!H$16:H$1318,MATCH(76,'LISTA DE PRECIOS'!$I$16:$I$1318,0)),"") | I91: =IF(OR(G91="",H91=""),"",G91*H91)
A92: =IFERROR(INDEX('LISTA DE PRECIOS'!A$16:A$1318,MATCH(77,'LISTA DE PRECIOS'!$I$16:$I$1318,0)),"") | B92: =IFERROR(INDEX('LISTA DE PRECIOS'!B$16:B$1318,MATCH(77,'LISTA DE PRECIOS'!$I$16:$I$1318,0)),"") | C92: =IFERROR(INDEX('LISTA DE PRECIOS'!C$16:C$1318,MATCH(77,'LISTA DE PRECIOS'!$I$16:$I$1318,0)),"") | D92: =IFERROR(INDEX('LISTA DE PRECIOS'!D$16:D$1318,MATCH(77,'LISTA DE PRECIOS'!$I$16:$I$1318,0)),"") | E92: =IFERROR(INDEX('LISTA DE PRECIOS'!E$16:E$1318,MATCH(77,'LISTA DE PRECIOS'!$I$16:$I$1318,0)),"") | F92: =IFERROR(INDEX('LISTA DE PRECIOS'!F$16:F$1318,MATCH(77,'LISTA DE PRECIOS'!$I$16:$I$1318,0)),"") | G92: =IFERROR(INDEX('LISTA DE PRECIOS'!G$16:G$1318,MATCH(77,'LISTA DE PRECIOS'!$I$16:$I$1318,0)),"") | H92: =IFERROR(INDEX('LISTA DE PRECIOS'!H$16:H$1318,MATCH(77,'LISTA DE PRECIOS'!$I$16:$I$1318,0)),"") | I92: =IF(OR(G92="",H92=""),"",G92*H92)
A93: =IFERROR(INDEX('LISTA DE PRECIOS'!A$16:A$1318,MATCH(78,'LISTA DE PRECIOS'!$I$16:$I$1318,0)),"") | B93: =IFERROR(INDEX('LISTA DE PRECIOS'!B$16:B$1318,MATCH(78,'LISTA DE PRECIOS'!$I$16:$I$1318,0)),"") | C93: =IFERROR(INDEX('LISTA DE PRECIOS'!C$16:C$1318,MATCH(78,'LISTA DE PRECIOS'!$I$16:$I$1318,0)),"") | D93: =IFERROR(INDEX('LISTA DE PRECIOS'!D$16:D$1318,MATCH(78,'LISTA DE PRECIOS'!$I$16:$I$1318,0)),"") | E93: =IFERROR(INDEX('LISTA DE PRECIOS'!E$16:E$1318,MATCH(78,'LISTA DE PRECIOS'!$I$16:$I$1318,0)),"") | F93: =IFERROR(INDEX('LISTA DE PRECIOS'!F$16:F$1318,MATCH(78,'LISTA DE PRECIOS'!$I$16:$I$1318,0)),"") | G93: =IFERROR(INDEX('LISTA DE PRECIOS'!G$16:G$1318,MATCH(78,'LISTA DE PRECIOS'!$I$16:$I$1318,0)),"") | H93: =IFERROR(INDEX('LISTA DE PRECIOS'!H$16:H$1318,MATCH(78,'LISTA DE PRECIOS'!$I$16:$I$1318,0)),"") | I93: =IF(OR(G93="",H93=""),"",G93*H93)
A94: =IFERROR(INDEX('LISTA DE PRECIOS'!A$16:A$1318,MATCH(79,'LISTA DE PRECIOS'!$I$16:$I$1318,0)),"") | B94: =IFERROR(INDEX('LISTA DE PRECIOS'!B$16:B$1318,MATCH(79,'LISTA DE PRECIOS'!$I$16:$I$1318,0)),"") | C94: =IFERROR(INDEX('LISTA DE PRECIOS'!C$16:C$1318,MATCH(79,'LISTA DE PRECIOS'!$I$16:$I$1318,0)),"") | D94: =IFERROR(INDEX('LISTA DE PRECIOS'!D$16:D$1318,MATCH(79,'LISTA DE PRECIOS'!$I$16:$I$1318,0)),"") | E94: =IFERROR(INDEX('LISTA DE PRECIOS'!E$16:E$1318,MATCH(79,'LISTA DE PRECIOS'!$I$16:$I$1318,0)),"") | F94: =IFERROR(INDEX('LISTA DE PRECIOS'!F$16:F$1318,MATCH(79,'LISTA DE PRECIOS'!$I$16:$I$1318,0)),"") | G94: =IFERROR(INDEX('LISTA DE PRECIOS'!G$16:G$1318,MATCH(79,'LISTA DE PRECIOS'!$I$16:$I$1318,0)),"") | H94: =IFERROR(INDEX('LISTA DE PRECIOS'!H$16:H$1318,MATCH(79,'LISTA DE PRECIOS'!$I$16:$I$1318,0)),"") | I94: =IF(OR(G94="",H94=""),"",G94*H94)
A95: =IFERROR(INDEX('LISTA DE PRECIOS'!A$16:A$1318,MATCH(80,'LISTA DE PRECIOS'!$I$16:$I$1318,0)),"") | B95: =IFERROR(INDEX('LISTA DE PRECIOS'!B$16:B$1318,MATCH(80,'LISTA DE PRECIOS'!$I$16:$I$1318,0)),"") | C95: =IFERROR(INDEX('LISTA DE PRECIOS'!C$16:C$1318,MATCH(80,'LISTA DE PRECIOS'!$I$16:$I$1318,0)),"") | D95: =IFERROR(INDEX('LISTA DE PRECIOS'!D$16:D$1318,MATCH(80,'LISTA DE PRECIOS'!$I$16:$I$1318,0)),"") | E95: =IFERROR(INDEX('LISTA DE PRECIOS'!E$16:E$1318,MATCH(80,'LISTA DE PRECIOS'!$I$16:$I$1318,0)),"") | F95: =IFERROR(INDEX('LISTA DE PRECIOS'!F$16:F$1318,MATCH(80,'LISTA DE PRECIOS'!$I$16:$I$1318,0)),"") | G95: =IFERROR(INDEX('LISTA DE PRECIOS'!G$16:G$1318,MATCH(80,'LISTA DE PRECIOS'!$I$16:$I$1318,0)),"") | H95: =IFERROR(INDEX('LISTA DE PRECIOS'!H$16:H$1318,MATCH(80,'LISTA DE PRECIOS'!$I$16:$I$1318,0)),"") | I95: =IF(OR(G95="",H95=""),"",G95*H95)
A96: =IFERROR(INDEX('LISTA DE PRECIOS'!A$16:A$1318,MATCH(81,'LISTA DE PRECIOS'!$I$16:$I$1318,0)),"") | B96: =IFERROR(INDEX('LISTA DE PRECIOS'!B$16:B$1318,MATCH(81,'LISTA DE PRECIOS'!$I$16:$I$1318,0)),"") | C96: =IFERROR(INDEX('LISTA DE PRECIOS'!C$16:C$1318,MATCH(81,'LISTA DE PRECIOS'!$I$16:$I$1318,0)),"") | D96: =IFERROR(INDEX('LISTA DE PRECIOS'!D$16:D$1318,MATCH(81,'LISTA DE PRECIOS'!$I$16:$I$1318,0)),"") | E96: =IFERROR(INDEX('LISTA DE PRECIOS'!E$16:E$1318,MATCH(81,'LISTA DE PRECIOS'!$I$16:$I$1318,0)),"") | F96: =IFERROR(INDEX('LISTA DE PRECIOS'!F$16:F$1318,MATCH(81,'LISTA DE PRECIOS'!$I$16:$I$1318,0)),"") | G96: =IFERROR(INDEX('LISTA DE PRECIOS'!G$16:G$1318,MATCH(81,'LISTA DE PRECIOS'!$I$16:$I$1318,0)),"") | H96: =IFERROR(INDEX('LISTA DE PRECIOS'!H$16:H$1318,MATCH(81,'LISTA DE PRECIOS'!$I$16:$I$1318,0)),"") | I96: =IF(OR(G96="",H96=""),"",G96*H96)
A97: =IFERROR(INDEX('LISTA DE PRECIOS'!A$16:A$1318,MATCH(82,'LISTA DE PRECIOS'!$I$16:$I$1318,0)),"") | B97: =IFERROR(INDEX('LISTA DE PRECIOS'!B$16:B$1318,MATCH(82,'LISTA DE PRECIOS'!$I$16:$I$1318,0)),"") | C97: =IFERROR(INDEX('LISTA DE PRECIOS'!C$16:C$1318,MATCH(82,'LISTA DE PRECIOS'!$I$16:$I$1318,0)),"") | D97: =IFERROR(INDEX('LISTA DE PRECIOS'!D$16:D$1318,MATCH(82,'LISTA DE PRECIOS'!$I$16:$I$1318,0)),"") | E97: =IFERROR(INDEX('LISTA DE PRECIOS'!E$16:E$1318,MATCH(82,'LISTA DE PRECIOS'!$I$16:$I$1318,0)),"") | F97: =IFERROR(INDEX('LISTA DE PRECIOS'!F$16:F$1318,MATCH(82,'LISTA DE PRECIOS'!$I$16:$I$1318,0)),"") | G97: =IFERROR(INDEX('LISTA DE PRECIOS'!G$16:G$1318,MATCH(82,'LISTA DE PRECIOS'!$I$16:$I$1318,0)),"") | H97: =IFERROR(INDEX('LISTA DE PRECIOS'!H$16:H$1318,MATCH(82,'LISTA DE PRECIOS'!$I$16:$I$1318,0)),"") | I97: =IF(OR(G97="",H97=""),"",G97*H97)
A98: =IFERROR(INDEX('LISTA DE PRECIOS'!A$16:A$1318,MATCH(83,'LISTA DE PRECIOS'!$I$16:$I$1318,0)),"") | B98: =IFERROR(INDEX('LISTA DE PRECIOS'!B$16:B$1318,MATCH(83,'LISTA DE PRECIOS'!$I$16:$I$1318,0)),"") | C98: =IFERROR(INDEX('LISTA DE PRECIOS'!C$16:C$1318,MATCH(83,'LISTA DE PRECIOS'!$I$16:$I$1318,0)),"") | D98: =IFERROR(INDEX('LISTA DE PRECIOS'!D$16:D$1318,MATCH(83,'LISTA DE PRECIOS'!$I$16:$I$1318,0)),"") | E98: =IFERROR(INDEX('LISTA DE PRECIOS'!E$16:E$1318,MATCH(83,'LISTA DE PRECIOS'!$I$16:$I$1318,0)),"") | F98: =IFERROR(INDEX('LISTA DE PRECIOS'!F$16:F$1318,MATCH(83,'LISTA DE PRECIOS'!$I$16:$I$1318,0)),"") | G98: =IFERROR(INDEX('LISTA DE PRECIOS'!G$16:G$1318,MATCH(83,'LISTA DE PRECIOS'!$I$16:$I$1318,0)),"") | H98: =IFERROR(INDEX('LISTA DE PRECIOS'!H$16:H$1318,MATCH(83,'LISTA DE PRECIOS'!$I$16:$I$1318,0)),"") | I98: =IF(OR(G98="",H98=""),"",G98*H98)
A99: =IFERROR(INDEX('LISTA DE PRECIOS'!A$16:A$1318,MATCH(84,'LISTA DE PRECIOS'!$I$16:$I$1318,0)),"") | B99: =IFERROR(INDEX('LISTA DE PRECIOS'!B$16:B$1318,MATCH(84,'LISTA DE PRECIOS'!$I$16:$I$1318,0)),"") | C99: =IFERROR(INDEX('LISTA DE PRECIOS'!C$16:C$1318,MATCH(84,'LISTA DE PRECIOS'!$I$16:$I$1318,0)),"") | D99: =IFERROR(INDEX('LISTA DE PRECIOS'!D$16:D$1318,MATCH(84,'LISTA DE PRECIOS'!$I$16:$I$1318,0)),"") | E99: =IFERROR(INDEX('LISTA DE PRECIOS'!E$16:E$1318,MATCH(84,'LISTA DE PRECIOS'!$I$16:$I$1318,0)),"") | F99: =IFERROR(INDEX('LISTA DE PRECIOS'!F$16:F$1318,MATCH(84,'LISTA DE PRECIOS'!$I$16:$I$1318,0)),"") | G99: =IFERROR(INDEX('LISTA DE PRECIOS'!G$16:G$1318,MATCH(84,'LISTA DE PRECIOS'!$I$16:$I$1318,0)),"") | H99: =IFERROR(INDEX('LISTA DE PRECIOS'!H$16:H$1318,MATCH(84,'LISTA DE PRECIOS'!$I$16:$I$1318,0)),"") | I99: =IF(OR(G99="",H99=""),"",G99*H99)
A100: =IFERROR(INDEX('LISTA DE PRECIOS'!A$16:A$1318,MATCH(85,'LISTA DE PRECIOS'!$I$16:$I$1318,0)),"") | B100: =IFERROR(INDEX('LISTA DE PRECIOS'!B$16:B$1318,MATCH(85,'LISTA DE PRECIOS'!$I$16:$I$1318,0)),"") | C100: =IFERROR(INDEX('LISTA DE PRECIOS'!C$16:C$1318,MATCH(85,'LISTA DE PRECIOS'!$I$16:$I$1318,0)),"") | D100: =IFERROR(INDEX('LISTA DE PRECIOS'!D$16:D$1318,MATCH(85,'LISTA DE PRECIOS'!$I$16:$I$1318,0)),"") | E100: =IFERROR(INDEX('LISTA DE PRECIOS'!E$16:E$1318,MATCH(85,'LISTA DE PRECIOS'!$I$16:$I$1318,0)),"") | F100: =IFERROR(INDEX('LISTA DE PRECIOS'!F$16:F$1318,MATCH(85,'LISTA DE PRECIOS'!$I$16:$I$1318,0)),"") | G100: =IFERROR(INDEX('LISTA DE PRECIOS'!G$16:G$1318,MATCH(85,'LISTA DE PRECIOS'!$I$16:$I$1318,0)),"") | H100: =IFERROR(INDEX('LISTA DE PRECIOS'!H$16:H$1318,MATCH(85,'LISTA DE PRECIOS'!$I$16:$I$1318,0)),"") | I100: =IF(OR(G100="",H100=""),"",G100*H100)
A101: =IFERROR(INDEX('LISTA DE PRECIOS'!A$16:A$1318,MATCH(86,'LISTA DE PRECIOS'!$I$16:$I$1318,0)),"") | B101: =IFERROR(INDEX('LISTA DE PRECIOS'!B$16:B$1318,MATCH(86,'LISTA DE PRECIOS'!$I$16:$I$1318,0)),"") | C101: =IFERROR(INDEX('LISTA DE PRECIOS'!C$16:C$1318,MATCH(86,'LISTA DE PRECIOS'!$I$16:$I$1318,0)),"") | D101: =IFERROR(INDEX('LISTA DE PRECIOS'!D$16:D$1318,MATCH(86,'LISTA DE PRECIOS'!$I$16:$I$1318,0)),"") | E101: =IFERROR(INDEX('LISTA DE PRECIOS'!E$16:E$1318,MATCH(86,'LISTA DE PRECIOS'!$I$16:$I$1318,0)),"") | F101: =IFERROR(INDEX('LISTA DE PRECIOS'!F$16:F$1318,MATCH(86,'LISTA DE PRECIOS'!$I$16:$I$1318,0)),"") | G101: =IFERROR(INDEX('LISTA DE PRECIOS'!G$16:G$1318,MATCH(86,'LISTA DE PRECIOS'!$I$16:$I$1318,0)),"") | H101: =IFERROR(INDEX('LISTA DE PRECIOS'!H$16:H$1318,MATCH(86,'LISTA DE PRECIOS'!$I$16:$I$1318,0)),"") | I101: =IF(OR(G101="",H101=""),"",G101*H101)
A102: =IFERROR(INDEX('LISTA DE PRECIOS'!A$16:A$1318,MATCH(87,'LISTA DE PRECIOS'!$I$16:$I$1318,0)),"") | B102: =IFERROR(INDEX('LISTA DE PRECIOS'!B$16:B$1318,MATCH(87,'LISTA DE PRECIOS'!$I$16:$I$1318,0)),"") | C102: =IFERROR(INDEX('LISTA DE PRECIOS'!C$16:C$1318,MATCH(87,'LISTA DE PRECIOS'!$I$16:$I$1318,0)),"") | D102: =IFERROR(INDEX('LISTA DE PRECIOS'!D$16:D$1318,MATCH(87,'LISTA DE PRECIOS'!$I$16:$I$1318,0)),"") | E102: =IFERROR(INDEX('LISTA DE PRECIOS'!E$16:E$1318,MATCH(87,'LISTA DE PRECIOS'!$I$16:$I$1318,0)),"") | F102: =IFERROR(INDEX('LISTA DE PRECIOS'!F$16:F$1318,MATCH(87,'LISTA DE PRECIOS'!$I$16:$I$1318,0)),"") | G102: =IFERROR(INDEX('LISTA DE PRECIOS'!G$16:G$1318,MATCH(87,'LISTA DE PRECIOS'!$I$16:$I$1318,0)),"") | H102: =IFERROR(INDEX('LISTA DE PRECIOS'!H$16:H$1318,MATCH(87,'LISTA DE PRECIOS'!$I$16:$I$1318,0)),"") | I102: =IF(OR(G102="",H102=""),"",G102*H102)
A103: =IFERROR(INDEX('LISTA DE PRECIOS'!A$16:A$1318,MATCH(88,'LISTA DE PRECIOS'!$I$16:$I$1318,0)),"") | B103: =IFERROR(INDEX('LISTA DE PRECIOS'!B$16:B$1318,MATCH(88,'LISTA DE PRECIOS'!$I$16:$I$1318,0)),"") | C103: =IFERROR(INDEX('LISTA DE PRECIOS'!C$16:C$1318,MATCH(88,'LISTA DE PRECIOS'!$I$16:$I$1318,0)),"") | D103: =IFERROR(INDEX('LISTA DE PRECIOS'!D$16:D$1318,MATCH(88,'LISTA DE PRECIOS'!$I$16:$I$1318,0)),"") | E103: =IFERROR(INDEX('LISTA DE PRECIOS'!E$16:E$1318,MATCH(88,'LISTA DE PRECIOS'!$I$16:$I$1318,0)),"") | F103: =IFERROR(INDEX('LISTA DE PRECIOS'!F$16:F$1318,MATCH(88,'LISTA DE PRECIOS'!$I$16:$I$1318,0)),"") | G103: =IFERROR(INDEX('LISTA DE PRECIOS'!G$16:G$1318,MATCH(88,'LISTA DE PRECIOS'!$I$16:$I$1318,0)),"") | H103: =IFERROR(INDEX('LISTA DE PRECIOS'!H$16:H$1318,MATCH(88,'LISTA DE PRECIOS'!$I$16:$I$1318,0)),"") | I103: =IF(OR(G103="",H103=""),"",G103*H103)
A104: =IFERROR(INDEX('LISTA DE PRECIOS'!A$16:A$1318,MATCH(89,'LISTA DE PRECIOS'!$I$16:$I$1318,0)),"") | B104: =IFERROR(INDEX('LISTA DE PRECIOS'!B$16:B$1318,MATCH(89,'LISTA DE PRECIOS'!$I$16:$I$1318,0)),"") | C104: =IFERROR(INDEX('LISTA DE PRECIOS'!C$16:C$1318,MATCH(89,'LISTA DE PRECIOS'!$I$16:$I$1318,0)),"") | D104: =IFERROR(INDEX('LISTA DE PRECIOS'!D$16:D$1318,MATCH(89,'LISTA DE PRECIOS'!$I$16:$I$1318,0)),"") | E104: =IFERROR(INDEX('LISTA DE PRECIOS'!E$16:E$1318,MATCH(89,'LISTA DE PRECIOS'!$I$16:$I$1318,0)),"") | F104: =IFERROR(INDEX('LISTA DE PRECIOS'!F$16:F$1318,MATCH(89,'LISTA DE PRECIOS'!$I$16:$I$1318,0)),"") | G104: =IFERROR(INDEX('LISTA DE PRECIOS'!G$16:G$1318,MATCH(89,'LISTA DE PRECIOS'!$I$16:$I$1318,0)),"") | H104: =IFERROR(INDEX('LISTA DE PRECIOS'!H$16:H$1318,MATCH(89,'LISTA DE PRECIOS'!$I$16:$I$1318,0)),"") | I104: =IF(OR(G104="",H104=""),"",G104*H104)
A105: =IFERROR(INDEX('LISTA DE PRECIOS'!A$16:A$1318,MATCH(90,'LISTA DE PRECIOS'!$I$16:$I$1318,0)),"") | B105: =IFERROR(INDEX('LISTA DE PRECIOS'!B$16:B$1318,MATCH(90,'LISTA DE PRECIOS'!$I$16:$I$1318,0)),"") | C105: =IFERROR(INDEX('LISTA DE PRECIOS'!C$16:C$1318,MATCH(90,'LISTA DE PRECIOS'!$I$16:$I$1318,0)),"") | D105: =IFERROR(INDEX('LISTA DE PRECIOS'!D$16:D$1318,MATCH(90,'LISTA DE PRECIOS'!$I$16:$I$1318,0)),"") | E105: =IFERROR(INDEX('LISTA DE PRECIOS'!E$16:E$1318,MATCH(90,'LISTA DE PRECIOS'!$I$16:$I$1318,0)),"") | F105: =IFERROR(INDEX('LISTA DE PRECIOS'!F$16:F$1318,MATCH(90,'LISTA DE PRECIOS'!$I$16:$I$1318,0)),"") | G105: =IFERROR(INDEX('LISTA DE PRECIOS'!G$16:G$1318,MATCH(90,'LISTA DE PRECIOS'!$I$16:$I$1318,0)),"") | H105: =IFERROR(INDEX('LISTA DE PRECIOS'!H$16:H$1318,MATCH(90,'LISTA DE PRECIOS'!$I$16:$I$1318,0)),"") | I105: =IF(OR(G105="",H105=""),"",G105*H105)
A106: =IFERROR(INDEX('LISTA DE PRECIOS'!A$16:A$1318,MATCH(91,'LISTA DE PRECIOS'!$I$16:$I$1318,0)),"") | B106: =IFERROR(INDEX('LISTA DE PRECIOS'!B$16:B$1318,MATCH(91,'LISTA DE PRECIOS'!$I$16:$I$1318,0)),"") | C106: =IFERROR(INDEX('LISTA DE PRECIOS'!C$16:C$1318,MATCH(91,'LISTA DE PRECIOS'!$I$16:$I$1318,0)),"") | D106: =IFERROR(INDEX('LISTA DE PRECIOS'!D$16:D$1318,MATCH(91,'LISTA DE PRECIOS'!$I$16:$I$1318,0)),"") | E106: =IFERROR(INDEX('LISTA DE PRECIOS'!E$16:E$1318,MATCH(91,'LISTA DE PRECIOS'!$I$16:$I$1318,0)),"") | F106: =IFERROR(INDEX('LISTA DE PRECIOS'!F$16:F$1318,MATCH(91,'LISTA DE PRECIOS'!$I$16:$I$1318,0)),"") | G106: =IFERROR(INDEX('LISTA DE PRECIOS'!G$16:G$1318,MATCH(91,'LISTA DE PRECIOS'!$I$16:$I$1318,0)),"") | H106: =IFERROR(INDEX('LISTA DE PRECIOS'!H$16:H$1318,MATCH(91,'LISTA DE PRECIOS'!$I$16:$I$1318,0)),"") | I106: =IF(OR(G106="",H106=""),"",G106*H106)
A107: =IFERROR(INDEX('LISTA DE PRECIOS'!A$16:A$1318,MATCH(92,'LISTA DE PRECIOS'!$I$16:$I$1318,0)),"") | B107: =IFERROR(INDEX('LISTA DE PRECIOS'!B$16:B$1318,MATCH(92,'LISTA DE PRECIOS'!$I$16:$I$1318,0)),"") | C107: =IFERROR(INDEX('LISTA DE PRECIOS'!C$16:C$1318,MATCH(92,'LISTA DE PRECIOS'!$I$16:$I$1318,0)),"") | D107: =IFERROR(INDEX('LISTA DE PRECIOS'!D$16:D$1318,MATCH(92,'LISTA DE PRECIOS'!$I$16:$I$1318,0)),"") | E107: =IFERROR(INDEX('LISTA DE PRECIOS'!E$16:E$1318,MATCH(92,'LISTA DE PRECIOS'!$I$16:$I$1318,0)),"") | F107: =IFERROR(INDEX('LISTA DE PRECIOS'!F$16:F$1318,MATCH(92,'LISTA DE PRECIOS'!$I$16:$I$1318,0)),"") | G107: =IFERROR(INDEX('LISTA DE PRECIOS'!G$16:G$1318,MATCH(92,'LISTA DE PRECIOS'!$I$16:$I$1318,0)),"") | H107: =IFERROR(INDEX('LISTA DE PRECIOS'!H$16:H$1318,MATCH(92,'LISTA DE PRECIOS'!$I$16:$I$1318,0)),"") | I107: =IF(OR(G107="",H107=""),"",G107*H107)
A108: =IFERROR(INDEX('LISTA DE PRECIOS'!A$16:A$1318,MATCH(93,'LISTA DE PRECIOS'!$I$16:$I$1318,0)),"") | B108: =IFERROR(INDEX('LISTA DE PRECIOS'!B$16:B$1318,MATCH(93,'LISTA DE PRECIOS'!$I$16:$I$1318,0)),"") | C108: =IFERROR(INDEX('LISTA DE PRECIOS'!C$16:C$1318,MATCH(93,'LISTA DE PRECIOS'!$I$16:$I$1318,0)),"") | D108: =IFERROR(INDEX('LISTA DE PRECIOS'!D$16:D$1318,MATCH(93,'LISTA DE PRECIOS'!$I$16:$I$1318,0)),"") | E108: =IFERROR(INDEX('LISTA DE PRECIOS'!E$16:E$1318,MATCH(93,'LISTA DE PRECIOS'!$I$16:$I$1318,0)),"") | F108: =IFERROR(INDEX('LISTA DE PRECIOS'!F$16:F$1318,MATCH(93,'LISTA DE PRECIOS'!$I$16:$I$1318,0)),"") | G108: =IFERROR(INDEX('LISTA DE PRECIOS'!G$16:G$1318,MATCH(93,'LISTA DE PRECIOS'!$I$16:$I$1318,0)),"") | H108: =IFERROR(INDEX('LISTA DE PRECIOS'!H$16:H$1318,MATCH(93,'LISTA DE PRECIOS'!$I$16:$I$1318,0)),"") | I108: =IF(OR(G108="",H108=""),"",G108*H108)
A109: =IFERROR(INDEX('LISTA DE PRECIOS'!A$16:A$1318,MATCH(94,'LISTA DE PRECIOS'!$I$16:$I$1318,0)),"") | B109: =IFERROR(INDEX('LISTA DE PRECIOS'!B$16:B$1318,MATCH(94,'LISTA DE PRECIOS'!$I$16:$I$1318,0)),"") | C109: =IFERROR(INDEX('LISTA DE PRECIOS'!C$16:C$1318,MATCH(94,'LISTA DE PRECIOS'!$I$16:$I$1318,0)),"") | D109: =IFERROR(INDEX('LISTA DE PRECIOS'!D$16:D$1318,MATCH(94,'LISTA DE PRECIOS'!$I$16:$I$1318,0)),"") | E109: =IFERROR(INDEX('LISTA DE PRECIOS'!E$16:E$1318,MATCH(94,'LISTA DE PRECIOS'!$I$16:$I$1318,0)),"") | F109: =IFERROR(INDEX('LISTA DE PRECIOS'!F$16:F$1318,MATCH(94,'LISTA DE PRECIOS'!$I$16:$I$1318,0)),"") | G109: =IFERROR(INDEX('LISTA DE PRECIOS'!G$16:G$1318,MATCH(94,'LISTA DE PRECIOS'!$I$16:$I$1318,0)),"") | H109: =IFERROR(INDEX('LISTA DE PRECIOS'!H$16:H$1318,MATCH(94,'LISTA DE PRECIOS'!$I$16:$I$1318,0)),"") | I109: =IF(OR(G109="",H109=""),"",G109*H109)
...
